,timestamp,num_alumnes,mal_de_panxa,calfreds,mal_de_cap,mal_de_coll,mocs,nas_tapat,esternut,vomits,altres,be,regular,malament,tos,institut,municipi,curs,classe
0,09/02/2024,0,0,0,0,0,0,0,0,0,0,0,0,0,0,Institut Torre Vicens,Lleida,2n ESO,Classe1
3,12/02/2024,0,0,0,0,0,0,0,0,0,0,0,0,0,0,Institut Torre Vicens,Lleida,2n ESO,Classe1
4,13/02/2024,0,0,0,0,0,0,0,0,0,0,0,0,0,0,Institut Torre Vicens,Lleida,2n ESO,Classe1
5,14/02/2024,4,1,0,1,1,0,1,1,2,1,1,1,2,0,Institut Torre Vicens,Lleida,2n ESO,Classe1
6,15/02/2024,35,2,2,5,2,19,11,8,0,10,12,20,3,0,Institut Torre Vicens,Lleida,2n ESO,Classe1
7,16/02/2024,28,2,0,5,2,15,7,5,0,7,16,10,2,0,Institut Torre Vicens,Lleida,2n ESO,Classe1
8,19/02/2024,0,0,0,0,0,0,0,0,0,0,0,0,0,0,Institut Torre Vicens,Lleida,2n ESO,Classe1
9,20/02/2024,21,2,1,5,7,11,7,3,0,5,9,11,1,0,Institut Torre Vicens,Lleida,2n ESO,Classe1
10,21/02/2024,0,0,0,0,0,0,0,0,0,0,0,0,0,0,Institut Torre Vicens,Lleida,2n ESO,Classe1
11,22/02/2024,29,1,0,5,6,16,13,11,0,5,16,10,3,0,Institut Torre Vicens,Lleida,2n ESO,Classe1
12,23/02/2024,34,2,2,4,3,15,12,8,0,7,23,9,2,0,Institut Torre Vicens,Lleida,2n ESO,Classe1
13,26/02/2024,25,2,3,5,2,16,11,4,0,8,11,14,0,0,Institut Torre Vicens,Lleida,2n ESO,Classe1
14,27/02/2024,33,2,4,5,3,14,8,6,1,9,17,14,2,0,Institut Torre Vicens,Lleida,2n ESO,Classe1
15,28/02/2024,31,0,0,4,4,15,8,9,0,6,13,17,1,0,Institut Torre Vicens,Lleida,2n ESO,Classe1
16,29/02/2024,30,3,2,8,3,15,6,4,0,12,16,14,0,0,Institut Torre Vicens,Lleida,2n ESO,Classe1
17,01/03/2024,43,5,3,12,9,18,9,8,0,14,15,14,14,0,Institut Torre Vicens,Lleida,2n ESO,Classe1
18,04/03/2024,27,4,3,11,3,10,7,5,0,9,13,8,6,0,Institut Torre Vicens,Lleida,2n ESO,Classe1
19,05/03/2024,26,6,2,4,3,10,3,5,0,10,16,9,1,0,Institut Torre Vicens,Lleida,2n ESO,Classe1
20,06/03/2024,26,4,3,6,4,10,4,2,0,5,16,10,0,0,Institut Torre Vicens,Lleida,2n ESO,Classe1
21,07/03/2024,27,4,4,10,4,10,4,5,1,9,15,9,3,0,Institut Torre Vicens,Lleida,2n ESO,Classe1
22,08/03/2024,26,3,2,6,4,7,3,4,1,5,18,5,3,0,Institut Torre Vicens,Lleida,2n ESO,Classe1
23,12/03/2024,23,3,2,6,1,8,4,3,0,3,12,8,3,0,Institut Torre Vicens,Lleida,2n ESO,Classe1
24,13/03/2024,21,4,2,3,0,9,5,3,0,8,14,5,2,0,Institut Torre Vicens,Lleida,2n ESO,Classe1
25,14/03/2024,23,3,1,4,2,8,7,4,0,5,12,10,1,0,Institut Torre Vicens,Lleida,2n ESO,Classe1
26,15/03/2024,22,3,0,3,0,6,4,3,0,7,13,9,0,0,Institut Torre Vicens,Lleida,2n ESO,Classe1
27,18/03/2024,25,1,0,3,2,5,3,2,0,8,17,6,2,0,Institut Torre Vicens,Lleida,2n ESO,Classe1
28,19/03/2024,0,0,0,0,0,0,0,0,0,0,0,0,0,0,Institut Torre Vicens,Lleida,2n ESO,Classe1
29,20/03/2024,27,0,0,1,0,5,1,1,0,3,18,7,2,0,Institut Torre Vicens,Lleida,2n ESO,Classe1
30,21/03/2024,0,0,0,0,0,0,0,0,0,0,0,0,0,0,Institut Torre Vicens,Lleida,2n ESO,Classe1
31,25/03/2024,0,0,0,0,0,0,0,0,0,0,0,0,0,0,Institut Torre Vicens,Lleida,2n ESO,Classe1
32,28/03/2024,0,0,0,0,0,0,0,0,0,0,0,0,0,0,Institut Torre Vicens,Lleida,2n ESO,Classe1
33,02/04/2024,30,1,0,3,0,2,3,1,0,5,23,4,3,0,Institut Torre Vicens,Lleida,2n ESO,Classe1
34,03/04/2024,27,3,1,1,1,2,3,3,0,4,21,6,0,0,Institut Torre Vicens,Lleida,2n ESO,Classe1
35,05/04/2024,20,1,1,2,1,2,1,1,0,2,17,2,1,0,Institut Torre Vicens,Lleida,2n ESO,Classe1
36,08/04/2024,36,2,2,3,1,3,2,1,0,5,20,8,8,0,Institut Torre Vicens,Lleida,2n ESO,Classe1
37,09/04/2024,26,0,1,2,0,1,3,1,0,3,21,5,0,0,Institut Torre Vicens,Lleida,2n ESO,Classe1
38,12/04/2024,26,2,0,2,0,3,1,0,0,2,22,4,0,0,Institut Torre Vicens,Lleida,2n ESO,Classe1
39,15/04/2024,28,1,0,4,1,2,3,1,0,7,18,8,2,0,Institut Torre Vicens,Lleida,2n ESO,Classe1
40,16/04/2024,0,0,0,0,0,0,0,0,0,0,0,0,0,0,Institut Torre Vicens,Lleida,2n ESO,Classe1
41,17/04/2024,24,0,0,1,0,3,1,0,0,2,21,3,0,0,Institut Torre Vicens,Lleida,2n ESO,Classe1
42,18/04/2024,0,0,0,0,0,0,0,0,0,0,0,0,0,0,Institut Torre Vicens,Lleida,2n ESO,Classe1
43,19/04/2024,23,1,0,1,0,3,1,0,1,11,20,3,0,0,Institut Torre Vicens,Lleida,2n ESO,Classe1
44,22/04/2024,0,0,0,0,0,0,0,0,0,0,0,0,0,0,Institut Torre Vicens,Lleida,2n ESO,Classe1
45,23/04/2024,0,0,0,0,0,0,0,0,0,0,0,0,0,0,Institut Torre Vicens,Lleida,2n ESO,Classe1
46,24/04/2024,25,2,3,8,0,5,5,2,0,4,15,7,3,0,Institut Torre Vicens,Lleida,2n ESO,Classe1
47,26/04/2024,29,0,1,2,2,4,4,0,0,1,23,5,1,0,Institut Torre Vicens,Lleida,2n ESO,Classe1
48,30/04/2024,28,1,1,3,2,4,4,1,0,4,21,5,2,0,Institut Torre Vicens,Lleida,2n ESO,Classe1
49,06/05/2024,26,0,2,2,0,6,6,1,0,4,22,4,0,5,Institut Torre Vicens,Lleida,2n ESO,Classe1
50,07/05/2024,26,0,2,4,2,2,1,1,0,3,20,4,2,3,Institut Torre Vicens,Lleida,2n ESO,Classe1
51,08/05/2024,25,0,0,0,0,5,3,0,0,2,22,3,0,2,Institut Torre Vicens,Lleida,2n ESO,Classe1
52,09/05/2024,24,0,0,1,0,4,2,2,0,1,21,3,0,1,Institut Torre Vicens,Lleida,2n ESO,Classe1
53,13/05/2024,0,0,0,0,0,0,0,0,0,0,0,0,0,0,Institut Torre Vicens,Lleida,2n ESO,Classe1
54,14/05/2024,28,1,2,3,1,4,5,2,0,5,21,6,1,5,Institut Torre Vicens,Lleida,2n ESO,Classe1
55,24/05/2024,0,0,0,0,0,0,0,0,0,0,0,0,0,0,Institut Torre Vicens,Lleida,2n ESO,Classe1
57,30/05/2024,0,0,0,0,0,0,0,0,0,0,0,0,0,0,Institut Torre Vicens,Lleida,2n ESO,Classe1
58,07/06/2024,0,0,0,0,0,0,0,0,0,0,0,0,0,0,Institut Torre Vicens,Lleida,2n ESO,Classe1
59,09/02/2024,0,0,0,0,0,0,0,0,0,0,0,0,0,0,Col·legi Santissima Trinitat Badalona,Badalona,2n ESO,Classe2
62,12/02/2024,0,0,0,0,0,0,0,0,0,0,0,0,0,0,Col·legi Santissima Trinitat Badalona,Badalona,2n ESO,Classe2
63,13/02/2024,0,0,0,0,0,0,0,0,0,0,0,0,0,0,Col·legi Santissima Trinitat Badalona,Badalona,2n ESO,Classe2
64,14/02/2024,0,0,0,0,0,0,0,0,0,0,0,0,0,0,Col·legi Santissima Trinitat Badalona,Badalona,2n ESO,Classe2
66,15/02/2024,0,0,0,0,0,0,0,0,0,0,0,0,0,0,Col·legi Santissima Trinitat Badalona,Badalona,2n ESO,Classe2
67,16/02/2024,0,0,0,0,0,0,0,0,0,0,0,0,0,0,Col·legi Santissima Trinitat Badalona,Badalona,2n ESO,Classe2
69,19/02/2024,0,0,0,0,0,0,0,0,0,0,0,0,0,0,Col·legi Santissima Trinitat Badalona,Badalona,2n ESO,Classe2
70,20/02/2024,810,1,1,3,8,2,3,0,0,1,270,270,270,0,Col·legi Santissima Trinitat Badalona,Badalona,2n ESO,Classe2
71,21/02/2024,0,0,0,0,0,0,0,0,0,0,0,0,0,0,Col·legi Santissima Trinitat Badalona,Badalona,2n ESO,Classe2
72,22/02/2024,1236,0,0,0,2,1,2,3,0,2,1171,54,11,0,Col·legi Santissima Trinitat Badalona,Badalona,2n ESO,Classe2
73,23/02/2024,354,0,0,0,2,2,1,2,0,3,118,118,118,0,Col·legi Santissima Trinitat Badalona,Badalona,2n ESO,Classe2
74,26/02/2024,165,0,0,1,1,4,1,2,0,2,158,3,4,0,Col·legi Santissima Trinitat Badalona,Badalona,2n ESO,Classe2
75,27/02/2024,126,1,1,0,1,0,1,1,0,1,122,3,1,0,Col·legi Santissima Trinitat Badalona,Badalona,2n ESO,Classe2
76,28/02/2024,1,0,0,0,0,0,0,0,0,0,1,0,0,0,Col·legi Santissima Trinitat Badalona,Badalona,2n ESO,Classe2
77,29/02/2024,4,0,0,0,0,0,0,0,0,0,4,0,0,0,Col·legi Santissima Trinitat Badalona,Badalona,2n ESO,Classe2
78,01/03/2024,25,1,0,0,0,2,0,0,0,0,22,3,0,0,Col·legi Santissima Trinitat Badalona,Badalona,2n ESO,Classe2
79,04/03/2024,0,0,0,0,0,0,0,0,0,0,0,0,0,0,Col·legi Santissima Trinitat Badalona,Badalona,2n ESO,Classe2
80,06/03/2024,0,0,0,0,0,0,0,0,0,0,0,0,0,0,Col·legi Santissima Trinitat Badalona,Badalona,2n ESO,Classe2
81,07/03/2024,0,0,0,0,0,0,0,0,0,0,0,0,0,0,Col·legi Santissima Trinitat Badalona,Badalona,2n ESO,Classe2
82,08/03/2024,132,0,3,0,0,1,3,0,0,2,42,67,23,0,Col·legi Santissima Trinitat Badalona,Badalona,2n ESO,Classe2
84,11/03/2024,64,1,0,1,2,4,3,1,0,0,9,12,43,0,Col·legi Santissima Trinitat Badalona,Badalona,2n ESO,Classe2
85,15/03/2024,119,1,0,3,4,3,4,2,0,0,68,12,39,0,Col·legi Santissima Trinitat Badalona,Badalona,2n ESO,Classe2
86,18/03/2024,0,0,0,0,0,0,0,0,0,0,0,0,0,0,Col·legi Santissima Trinitat Badalona,Badalona,2n ESO,Classe2
87,20/03/2024,0,0,0,0,0,0,0,0,0,0,0,0,0,0,Col·legi Santissima Trinitat Badalona,Badalona,2n ESO,Classe2
88,21/03/2024,0,0,0,0,0,0,0,0,0,0,0,0,0,0,Col·legi Santissima Trinitat Badalona,Badalona,2n ESO,Classe2
89,27/03/2024,1,0,0,0,0,0,0,0,0,0,1,0,0,0,Col·legi Santissima Trinitat Badalona,Badalona,2n ESO,Classe2
90,28/03/2024,0,0,0,0,0,0,0,0,0,0,0,0,0,0,Col·legi Santissima Trinitat Badalona,Badalona,2n ESO,Classe2
91,01/04/2024,0,0,0,0,0,0,0,0,0,0,0,0,0,0,Col·legi Santissima Trinitat Badalona,Badalona,2n ESO,Classe2
92,02/04/2024,0,0,0,0,0,0,0,0,0,0,0,0,0,0,Col·legi Santissima Trinitat Badalona,Badalona,2n ESO,Classe2
93,04/04/2024,1,0,0,0,0,1,1,0,0,0,1,0,0,0,Col·legi Santissima Trinitat Badalona,Badalona,2n ESO,Classe2
94,09/04/2024,270,0,0,0,0,0,0,0,0,1,208,2,60,0,Col·legi Santissima Trinitat Badalona,Badalona,2n ESO,Classe2
95,12/04/2024,0,0,0,0,0,0,0,0,0,0,0,0,0,0,Col·legi Santissima Trinitat Badalona,Badalona,2n ESO,Classe2
97,16/04/2024,0,0,0,0,0,0,0,0,0,0,0,0,0,0,Col·legi Santissima Trinitat Badalona,Badalona,2n ESO,Classe2
98,18/04/2024,0,0,0,0,0,0,0,0,0,0,0,0,0,0,Col·legi Santissima Trinitat Badalona,Badalona,2n ESO,Classe2
99,19/04/2024,0,0,0,0,0,0,0,0,0,0,0,0,0,0,Col·legi Santissima Trinitat Badalona,Badalona,2n ESO,Classe2
100,24/04/2024,0,0,0,0,0,0,0,0,0,0,0,0,0,0,Col·legi Santissima Trinitat Badalona,Badalona,2n ESO,Classe2
101,30/04/2024,0,0,0,0,0,0,0,0,0,0,0,0,0,0,Col·legi Santissima Trinitat Badalona,Badalona,2n ESO,Classe2
102,01/05/2024,0,0,0,0,0,0,0,0,0,0,0,0,0,0,Col·legi Santissima Trinitat Badalona,Badalona,2n ESO,Classe2
103,09/05/2024,1,0,0,0,0,0,0,0,0,0,1,0,0,0,Col·legi Santissima Trinitat Badalona,Badalona,2n ESO,Classe2
104,10/05/2024,0,0,0,0,0,0,0,0,0,0,0,0,0,0,Col·legi Santissima Trinitat Badalona,Badalona,2n ESO,Classe2
106,14/05/2024,0,0,0,0,0,0,0,0,0,0,0,0,0,0,Col·legi Santissima Trinitat Badalona,Badalona,2n ESO,Classe2
107,23/05/2024,0,0,0,0,0,0,0,0,0,0,0,0,0,0,Col·legi Santissima Trinitat Badalona,Badalona,2n ESO,Classe2
108,30/05/2024,0,0,0,0,0,0,0,0,0,0,0,0,0,0,Col·legi Santissima Trinitat Badalona,Badalona,2n ESO,Classe2
109,31/05/2024,0,0,0,0,0,0,0,0,0,0,0,0,0,0,Col·legi Santissima Trinitat Badalona,Badalona,2n ESO,Classe2
110,07/06/2024,0,0,0,0,0,0,0,0,0,0,0,0,0,0,Col·legi Santissima Trinitat Badalona,Badalona,2n ESO,Classe2
111,09/02/2024,0,0,0,0,0,0,0,0,0,0,0,0,0,0,Institut Priorat,Falset,1r ESO A,Classe3
114,12/02/2024,0,0,0,0,0,0,0,0,0,0,0,0,0,0,Institut Priorat,Falset,1r ESO A,Classe3
115,13/02/2024,0,0,0,0,0,0,0,0,0,0,0,0,0,0,Institut Priorat,Falset,1r ESO A,Classe3
116,14/02/2024,0,0,0,0,0,0,0,0,0,0,0,0,0,0,Institut Priorat,Falset,1r ESO A,Classe3
117,15/02/2024,3,0,1,1,1,1,1,1,0,0,1,1,1,0,Institut Priorat,Falset,1r ESO A,Classe3
118,16/02/2024,2,0,0,1,0,1,0,1,0,0,1,1,0,0,Institut Priorat,Falset,1r ESO A,Classe3
119,21/02/2024,0,0,0,0,0,0,0,0,0,0,0,0,0,0,Institut Priorat,Falset,1r ESO A,Classe3
120,04/03/2024,0,0,0,0,0,0,0,0,0,0,0,0,0,0,Institut Priorat,Falset,1r ESO A,Classe3
121,07/03/2024,0,0,0,0,0,0,0,0,0,0,0,0,0,0,Institut Priorat,Falset,1r ESO A,Classe3
122,19/03/2024,0,0,0,0,0,0,0,0,0,0,0,0,0,0,Institut Priorat,Falset,1r ESO A,Classe3
123,10/04/2024,21,0,0,2,0,0,1,0,0,0,13,4,4,0,Institut Priorat,Falset,1r ESO A,Classe3
124,11/04/2024,22,1,1,0,1,1,2,1,2,3,12,8,2,0,Institut Priorat,Falset,1r ESO A,Classe3
125,12/04/2024,21,0,1,2,2,1,3,0,0,6,10,9,2,0,Institut Priorat,Falset,1r ESO A,Classe3
126,15/04/2024,18,1,0,4,1,0,1,0,4,3,6,8,4,0,Institut Priorat,Falset,1r ESO A,Classe3
127,16/04/2024,0,0,0,0,0,0,0,0,0,0,0,0,0,0,Institut Priorat,Falset,1r ESO A,Classe3
128,18/04/2024,23,1,1,2,2,3,1,2,1,4,17,3,3,0,Institut Priorat,Falset,1r ESO A,Classe3
129,19/04/2024,19,0,0,0,1,0,3,0,1,1,13,5,1,0,Institut Priorat,Falset,1r ESO A,Classe3
130,22/04/2024,21,1,0,1,2,1,4,0,0,2,9,10,2,0,Institut Priorat,Falset,1r ESO A,Classe3
131,23/04/2024,21,0,0,3,1,1,5,0,0,2,12,8,1,0,Institut Priorat,Falset,1r ESO A,Classe3
132,24/04/2024,22,1,1,1,1,4,1,0,1,2,10,11,1,0,Institut Priorat,Falset,1r ESO A,Classe3
133,29/04/2024,21,4,2,1,1,4,3,1,0,4,6,12,3,0,Institut Priorat,Falset,1r ESO A,Classe3
134,30/04/2024,20,3,1,1,3,2,9,0,0,1,10,8,2,0,Institut Priorat,Falset,1r ESO A,Classe3
135,02/05/2024,0,0,0,0,0,0,0,0,0,0,0,0,0,0,Institut Priorat,Falset,1r ESO A,Classe3
136,03/05/2024,23,0,0,2,3,2,4,1,0,0,13,8,2,2,Institut Priorat,Falset,1r ESO A,Classe3
137,06/05/2024,18,1,1,2,4,4,5,4,0,4,5,11,2,2,Institut Priorat,Falset,1r ESO A,Classe3
138,07/05/2024,21,0,0,0,1,3,1,1,0,2,14,7,0,1,Institut Priorat,Falset,1r ESO A,Classe3
139,09/05/2024,22,0,0,2,2,3,2,2,0,6,9,10,3,1,Institut Priorat,Falset,1r ESO A,Classe3
140,10/05/2024,20,2,1,1,2,4,2,2,0,3,13,5,2,1,Institut Priorat,Falset,1r ESO A,Classe3
142,13/05/2024,20,1,1,0,2,4,2,1,0,4,9,10,1,1,Institut Priorat,Falset,1r ESO A,Classe3
143,14/05/2024,21,0,0,0,1,3,0,2,0,6,9,10,2,2,Institut Priorat,Falset,1r ESO A,Classe3
144,15/05/2024,21,0,0,0,1,1,0,1,0,5,13,7,1,1,Institut Priorat,Falset,1r ESO A,Classe3
145,16/05/2024,21,2,0,0,2,4,2,2,0,4,9,10,2,3,Institut Priorat,Falset,1r ESO A,Classe3
146,17/05/2024,22,1,1,1,1,3,2,5,0,3,15,6,1,4,Institut Priorat,Falset,1r ESO A,Classe3
147,21/05/2024,21,1,0,1,1,2,1,2,0,2,15,4,2,2,Institut Priorat,Falset,1r ESO A,Classe3
148,22/05/2024,16,0,0,0,2,3,1,1,0,1,9,5,2,1,Institut Priorat,Falset,1r ESO A,Classe3
149,24/05/2024,22,0,0,0,1,2,2,1,0,3,19,2,1,2,Institut Priorat,Falset,1r ESO A,Classe3
150,27/05/2024,21,1,1,1,2,1,1,1,1,3,16,4,1,2,Institut Priorat,Falset,1r ESO A,Classe3
151,28/05/2024,20,1,1,2,2,4,3,3,1,4,12,6,2,4,Institut Priorat,Falset,1r ESO A,Classe3
152,29/05/2024,14,0,0,1,1,2,1,1,1,3,10,3,1,4,Institut Priorat,Falset,1r ESO A,Classe3
153,30/05/2024,48,0,1,0,1,0,1,1,0,2,42,4,2,2,Institut Priorat,Falset,1r ESO A,Classe3
154,03/06/2024,23,0,0,2,2,2,4,2,0,5,13,5,5,4,Institut Priorat,Falset,1r ESO A,Classe3
155,04/06/2024,17,1,0,1,2,3,2,0,0,4,8,6,3,2,Institut Priorat,Falset,1r ESO A,Classe3
156,05/06/2024,20,0,0,0,1,1,1,1,0,3,15,3,2,2,Institut Priorat,Falset,1r ESO A,Classe3
157,11/06/2024,19,1,0,0,1,3,3,0,0,5,11,5,3,2,Institut Priorat,Falset,1r ESO A,Classe3
158,12/06/2024,22,0,1,0,1,2,1,1,0,2,15,5,2,2,Institut Priorat,Falset,1r ESO A,Classe3
159,14/06/2024,24,0,0,0,3,1,2,1,0,4,18,5,1,2,Institut Priorat,Falset,1r ESO A,Classe3
160,09/02/2024,0,0,0,0,0,0,0,0,0,0,0,0,0,0,Institut Priorat,Falset,1r ESO B,Classe4
163,12/02/2024,0,0,0,0,0,0,0,0,0,0,0,0,0,0,Institut Priorat,Falset,1r ESO B,Classe4
164,13/02/2024,0,0,0,0,0,0,0,0,0,0,0,0,0,0,Institut Priorat,Falset,1r ESO B,Classe4
165,14/02/2024,0,0,0,0,0,0,0,0,0,0,0,0,0,0,Institut Priorat,Falset,1r ESO B,Classe4
166,15/02/2024,3,0,1,1,1,1,1,1,0,0,1,1,1,0,Institut Priorat,Falset,1r ESO B,Classe4
167,16/02/2024,1,0,0,1,1,0,0,1,1,0,1,0,0,0,Institut Priorat,Falset,1r ESO B,Classe4
168,21/02/2024,0,0,0,0,0,0,0,0,0,0,0,0,0,0,Institut Priorat,Falset,1r ESO B,Classe4
169,05/04/2024,0,0,0,0,0,0,0,0,0,2,0,0,0,0,Institut Priorat,Falset,1r ESO B,Classe4
170,08/04/2024,30,0,0,2,0,3,0,0,0,5,16,10,4,0,Institut Priorat,Falset,1r ESO B,Classe4
171,09/04/2024,21,0,1,0,0,1,0,0,0,2,16,5,0,0,Institut Priorat,Falset,1r ESO B,Classe4
172,10/04/2024,16,0,0,0,0,0,0,0,0,1,15,1,0,0,Institut Priorat,Falset,1r ESO B,Classe4
173,11/04/2024,25,1,0,2,0,1,0,0,0,3,15,9,1,0,Institut Priorat,Falset,1r ESO B,Classe4
174,12/04/2024,21,0,0,2,1,1,0,0,0,3,13,6,2,0,Institut Priorat,Falset,1r ESO B,Classe4
175,15/04/2024,17,0,0,0,0,0,0,0,0,1,16,1,0,0,Institut Priorat,Falset,1r ESO B,Classe4
176,16/04/2024,22,0,0,0,0,1,0,1,0,2,18,3,1,0,Institut Priorat,Falset,1r ESO B,Classe4
177,17/04/2024,18,0,0,1,0,1,0,1,0,2,13,1,4,0,Institut Priorat,Falset,1r ESO B,Classe4
178,18/04/2024,0,0,0,0,0,0,0,0,0,0,0,0,0,0,Institut Priorat,Falset,1r ESO B,Classe4
179,19/04/2024,0,0,0,0,0,0,0,0,0,0,0,0,0,0,Institut Priorat,Falset,1r ESO B,Classe4
180,22/04/2024,23,0,0,1,0,0,1,0,0,0,19,4,0,0,Institut Priorat,Falset,1r ESO B,Classe4
181,23/04/2024,18,0,0,0,0,0,1,0,0,0,16,2,0,0,Institut Priorat,Falset,1r ESO B,Classe4
182,24/04/2024,20,0,0,0,1,0,2,0,0,1,16,3,1,0,Institut Priorat,Falset,1r ESO B,Classe4
183,25/04/2024,24,0,0,1,0,0,1,0,0,1,20,3,1,0,Institut Priorat,Falset,1r ESO B,Classe4
184,29/04/2024,23,0,0,0,0,0,1,0,0,0,21,2,0,0,Institut Priorat,Falset,1r ESO B,Classe4
185,30/04/2024,21,0,0,0,0,0,1,0,0,1,18,3,0,0,Institut Priorat,Falset,1r ESO B,Classe4
186,06/05/2024,18,0,0,1,0,0,0,0,0,2,15,3,0,0,Institut Priorat,Falset,1r ESO B,Classe4
187,07/05/2024,21,0,1,0,0,0,0,0,0,3,16,4,1,0,Institut Priorat,Falset,1r ESO B,Classe4
188,09/05/2024,27,0,0,1,0,1,0,0,0,1,24,3,0,0,Institut Priorat,Falset,1r ESO B,Classe4
189,10/05/2024,25,0,0,0,0,0,0,0,0,6,19,4,2,0,Institut Priorat,Falset,1r ESO B,Classe4
190,13/05/2024,21,0,0,0,0,0,0,1,1,4,16,5,0,0,Institut Priorat,Falset,1r ESO B,Classe4
191,14/05/2024,17,0,0,0,0,0,0,0,0,0,17,0,0,0,Institut Priorat,Falset,1r ESO B,Classe4
192,15/05/2024,22,0,0,0,0,0,0,0,0,4,17,2,3,0,Institut Priorat,Falset,1r ESO B,Classe4
193,16/05/2024,22,0,0,1,0,0,0,0,0,4,16,5,1,0,Institut Priorat,Falset,1r ESO B,Classe4
194,17/05/2024,22,0,0,0,0,0,0,0,0,3,19,3,0,0,Institut Priorat,Falset,1r ESO B,Classe4
195,21/05/2024,24,0,0,0,0,0,1,1,0,4,16,5,3,0,Institut Priorat,Falset,1r ESO B,Classe4
196,22/05/2024,18,0,0,0,0,0,0,1,0,3,14,2,2,1,Institut Priorat,Falset,1r ESO B,Classe4
197,27/05/2024,20,0,0,0,0,0,0,0,0,3,17,2,1,0,Institut Priorat,Falset,1r ESO B,Classe4
198,28/05/2024,19,0,0,0,0,0,0,1,0,2,16,2,1,0,Institut Priorat,Falset,1r ESO B,Classe4
199,29/05/2024,17,0,0,0,0,0,0,0,0,1,15,1,1,0,Institut Priorat,Falset,1r ESO B,Classe4
200,30/05/2024,19,0,0,0,0,0,0,0,0,4,14,4,1,0,Institut Priorat,Falset,1r ESO B,Classe4
201,31/05/2024,22,0,0,0,0,0,0,0,0,1,21,1,0,0,Institut Priorat,Falset,1r ESO B,Classe4
202,03/06/2024,19,0,0,0,0,0,0,0,0,2,17,2,0,0,Institut Priorat,Falset,1r ESO B,Classe4
203,04/06/2024,17,1,0,0,0,0,0,0,0,1,15,2,0,0,Institut Priorat,Falset,1r ESO B,Classe4
204,07/06/2024,24,0,0,0,0,1,0,0,0,1,22,1,1,0,Institut Priorat,Falset,1r ESO B,Classe4
205,10/06/2024,26,0,0,1,0,1,0,0,0,0,20,4,2,0,Institut Priorat,Falset,1r ESO B,Classe4
206,12/06/2024,20,0,0,0,0,3,0,0,0,1,16,3,1,0,Institut Priorat,Falset,1r ESO B,Classe4
207,17/06/2024,18,0,0,0,0,0,0,0,0,0,15,3,0,0,Institut Priorat,Falset,1r ESO B,Classe4
208,09/02/2024,0,0,0,0,0,0,0,0,0,0,0,0,0,0,Institut Priorat,Falset,1r ESO C,Classe5
211,12/02/2024,0,0,0,0,0,0,0,0,0,0,0,0,0,0,Institut Priorat,Falset,1r ESO C,Classe5
212,13/02/2024,0,0,0,0,0,0,0,0,0,0,0,0,0,0,Institut Priorat,Falset,1r ESO C,Classe5
213,14/02/2024,0,0,0,0,0,0,0,0,0,0,0,0,0,0,Institut Priorat,Falset,1r ESO C,Classe5
214,15/02/2024,3,0,1,1,1,1,1,1,0,0,1,1,1,0,Institut Priorat,Falset,1r ESO C,Classe5
215,16/02/2024,2,0,0,1,0,0,0,1,0,1,1,1,0,0,Institut Priorat,Falset,1r ESO C,Classe5
216,21/02/2024,0,0,0,0,0,0,0,0,0,0,0,0,0,0,Institut Priorat,Falset,1r ESO C,Classe5
217,22/02/2024,3,1,1,0,0,0,0,1,0,0,1,1,1,0,Institut Priorat,Falset,1r ESO C,Classe5
218,29/02/2024,0,0,0,0,0,0,0,0,0,0,0,0,0,0,Institut Priorat,Falset,1r ESO C,Classe5
219,07/03/2024,0,0,0,0,0,0,0,0,0,0,0,0,0,0,Institut Priorat,Falset,1r ESO C,Classe5
220,09/04/2024,24,3,0,5,2,3,2,0,0,2,12,11,1,0,Institut Priorat,Falset,1r ESO C,Classe5
221,10/04/2024,15,1,0,0,0,1,2,0,0,1,10,4,1,0,Institut Priorat,Falset,1r ESO C,Classe5
222,11/04/2024,21,1,1,1,0,4,8,1,0,1,9,10,2,0,Institut Priorat,Falset,1r ESO C,Classe5
223,12/04/2024,20,4,0,0,0,6,4,4,0,6,10,6,4,0,Institut Priorat,Falset,1r ESO C,Classe5
224,15/04/2024,17,1,0,0,0,2,0,0,0,3,10,5,2,0,Institut Priorat,Falset,1r ESO C,Classe5
225,16/04/2024,20,1,0,2,5,3,3,1,1,3,10,7,3,0,Institut Priorat,Falset,1r ESO C,Classe5
226,17/04/2024,22,1,1,1,0,4,2,0,0,5,11,6,5,0,Institut Priorat,Falset,1r ESO C,Classe5
227,18/04/2024,19,1,0,4,0,3,2,1,0,3,13,4,2,0,Institut Priorat,Falset,1r ESO C,Classe5
228,19/04/2024,20,1,2,2,0,4,2,0,1,6,9,6,5,0,Institut Priorat,Falset,1r ESO C,Classe5
229,22/04/2024,19,0,1,2,0,5,1,2,0,4,10,5,4,0,Institut Priorat,Falset,1r ESO C,Classe5
230,23/04/2024,19,0,1,1,1,6,4,1,0,7,10,7,2,0,Institut Priorat,Falset,1r ESO C,Classe5
231,24/04/2024,20,0,0,0,0,2,4,1,0,8,11,6,3,0,Institut Priorat,Falset,1r ESO C,Classe5
232,25/04/2024,17,0,0,1,2,6,3,3,0,4,9,3,5,0,Institut Priorat,Falset,1r ESO C,Classe5
233,29/04/2024,16,0,0,4,2,1,2,1,0,4,8,2,6,0,Institut Priorat,Falset,1r ESO C,Classe5
234,30/04/2024,11,0,0,1,1,4,4,3,1,2,7,2,2,0,Institut Priorat,Falset,1r ESO C,Classe5
235,02/05/2024,16,0,1,0,0,4,7,2,0,2,9,4,3,3,Institut Priorat,Falset,1r ESO C,Classe5
236,03/05/2024,16,0,2,3,4,5,5,3,0,3,6,6,4,3,Institut Priorat,Falset,1r ESO C,Classe5
237,06/05/2024,20,0,0,2,2,3,4,2,0,4,12,4,4,3,Institut Priorat,Falset,1r ESO C,Classe5
238,07/05/2024,22,0,1,2,3,5,9,4,1,2,8,9,5,3,Institut Priorat,Falset,1r ESO C,Classe5
239,09/05/2024,19,0,0,1,3,4,3,3,0,3,11,4,4,4,Institut Priorat,Falset,1r ESO C,Classe5
240,10/05/2024,20,2,1,1,2,5,6,4,0,4,10,7,3,4,Institut Priorat,Falset,1r ESO C,Classe5
241,13/05/2024,18,0,1,0,3,4,3,2,0,5,11,3,4,4,Institut Priorat,Falset,1r ESO C,Classe5
242,14/05/2024,18,0,0,0,3,3,1,2,0,10,11,4,3,3,Institut Priorat,Falset,1r ESO C,Classe5
243,15/05/2024,18,1,0,1,0,3,3,2,1,5,12,2,4,4,Institut Priorat,Falset,1r ESO C,Classe5
244,16/05/2024,20,2,0,3,1,5,3,4,1,9,12,4,4,3,Institut Priorat,Falset,1r ESO C,Classe5
245,17/05/2024,19,1,1,0,0,2,3,2,0,10,13,3,3,3,Institut Priorat,Falset,1r ESO C,Classe5
246,21/05/2024,17,0,0,1,0,3,2,1,0,5,11,4,2,2,Institut Priorat,Falset,1r ESO C,Classe5
247,22/05/2024,17,1,0,0,1,1,1,1,1,11,11,2,4,1,Institut Priorat,Falset,1r ESO C,Classe5
248,24/05/2024,15,1,1,1,0,3,2,1,0,4,10,4,1,2,Institut Priorat,Falset,1r ESO C,Classe5
249,27/05/2024,17,2,1,1,2,3,4,3,1,9,10,4,3,3,Institut Priorat,Falset,1r ESO C,Classe5
250,28/05/2024,17,1,0,1,1,1,1,1,0,7,11,4,2,3,Institut Priorat,Falset,1r ESO C,Classe5
251,29/05/2024,16,1,0,0,0,1,1,1,0,6,12,3,1,2,Institut Priorat,Falset,1r ESO C,Classe5
252,30/05/2024,28,1,0,2,2,1,6,2,0,8,11,10,7,4,Institut Priorat,Falset,1r ESO C,Classe5
253,31/05/2024,22,0,1,2,0,1,1,2,1,5,11,10,1,1,Institut Priorat,Falset,1r ESO C,Classe5
254,03/06/2024,18,1,1,1,1,2,5,2,0,11,11,4,3,3,Institut Priorat,Falset,1r ESO C,Classe5
255,04/06/2024,17,0,1,0,1,2,1,0,0,3,13,4,0,2,Institut Priorat,Falset,1r ESO C,Classe5
256,05/06/2024,16,1,0,0,0,1,3,2,0,8,9,5,2,4,Institut Priorat,Falset,1r ESO C,Classe5
257,07/06/2024,18,0,0,1,1,2,3,3,0,4,12,5,1,4,Institut Priorat,Falset,1r ESO C,Classe5
258,10/06/2024,17,0,2,0,0,2,3,2,0,3,11,2,4,3,Institut Priorat,Falset,1r ESO C,Classe5
259,11/06/2024,19,1,1,2,0,3,3,2,1,6,14,2,3,2,Institut Priorat,Falset,1r ESO C,Classe5
260,12/06/2024,19,1,4,0,0,4,3,3,0,8,15,2,2,3,Institut Priorat,Falset,1r ESO C,Classe5
261,13/06/2024,17,1,1,0,1,3,3,3,0,9,10,5,2,4,Institut Priorat,Falset,1r ESO C,Classe5
262,14/06/2024,18,1,1,1,0,3,3,1,0,8,12,4,2,4,Institut Priorat,Falset,1r ESO C,Classe5
263,09/02/2024,0,0,0,0,0,0,0,0,0,0,0,0,0,0,Institut Priorat,Falset,2n ESO A,Classe6
266,12/02/2024,0,0,0,0,0,0,0,0,0,0,0,0,0,0,Institut Priorat,Falset,2n ESO A,Classe6
267,13/02/2024,0,0,0,0,0,0,0,0,0,0,0,0,0,0,Institut Priorat,Falset,2n ESO A,Classe6
268,14/02/2024,0,0,0,0,0,0,0,0,0,0,0,0,0,0,Institut Priorat,Falset,2n ESO A,Classe6
269,15/02/2024,3,0,1,1,1,1,1,1,0,0,1,1,1,0,Institut Priorat,Falset,2n ESO A,Classe6
270,16/02/2024,1,0,1,0,0,0,1,0,0,1,1,0,0,0,Institut Priorat,Falset,2n ESO A,Classe6
271,21/02/2024,0,0,0,0,0,0,0,0,0,0,0,0,0,0,Institut Priorat,Falset,2n ESO A,Classe6
272,01/03/2024,0,0,0,0,0,0,0,0,0,0,0,0,0,0,Institut Priorat,Falset,2n ESO A,Classe6
273,05/03/2024,15,1,0,2,0,1,2,0,0,3,6,8,1,0,Institut Priorat,Falset,2n ESO A,Classe6
274,06/03/2024,19,1,1,2,0,0,0,0,0,3,11,7,1,0,Institut Priorat,Falset,2n ESO A,Classe6
275,07/03/2024,14,1,0,1,0,0,0,0,0,2,10,1,3,0,Institut Priorat,Falset,2n ESO A,Classe6
276,08/03/2024,24,0,1,1,0,0,2,0,0,4,12,8,4,0,Institut Priorat,Falset,2n ESO A,Classe6
277,11/03/2024,14,0,0,1,0,0,0,1,0,0,12,2,0,0,Institut Priorat,Falset,2n ESO A,Classe6
278,12/03/2024,11,0,0,1,0,0,0,0,0,0,5,2,4,0,Institut Priorat,Falset,2n ESO A,Classe6
279,13/03/2024,23,0,0,3,0,0,0,0,0,1,20,3,0,0,Institut Priorat,Falset,2n ESO A,Classe6
280,19/03/2024,0,0,0,0,0,0,0,0,0,0,0,0,0,0,Institut Priorat,Falset,2n ESO A,Classe6
281,03/04/2024,11,1,0,2,0,1,0,0,0,1,5,5,1,0,Institut Priorat,Falset,2n ESO A,Classe6
282,04/04/2024,11,0,0,0,1,0,0,0,0,0,10,1,0,0,Institut Priorat,Falset,2n ESO A,Classe6
283,05/04/2024,15,0,0,2,0,0,0,0,0,0,9,5,1,0,Institut Priorat,Falset,2n ESO A,Classe6
284,12/04/2024,12,0,0,1,0,1,1,0,0,0,8,4,0,0,Institut Priorat,Falset,2n ESO A,Classe6
285,15/04/2024,15,0,0,1,0,1,0,0,0,0,13,1,1,0,Institut Priorat,Falset,2n ESO A,Classe6
286,16/04/2024,9,0,0,0,0,1,1,0,0,0,7,2,0,0,Institut Priorat,Falset,2n ESO A,Classe6
287,17/04/2024,19,0,0,1,0,2,1,0,0,1,13,5,1,0,Institut Priorat,Falset,2n ESO A,Classe6
288,19/04/2024,11,0,0,0,0,0,1,0,0,0,9,2,0,0,Institut Priorat,Falset,2n ESO A,Classe6
289,24/04/2024,12,0,0,0,0,0,1,0,0,0,8,2,2,0,Institut Priorat,Falset,2n ESO A,Classe6
290,30/04/2024,10,0,0,1,0,0,0,0,0,1,7,2,1,0,Institut Priorat,Falset,2n ESO A,Classe6
291,09/05/2024,14,0,0,0,0,1,0,0,0,0,8,4,2,2,Institut Priorat,Falset,2n ESO A,Classe6
292,15/05/2024,14,1,0,1,0,1,1,0,1,0,11,2,1,2,Institut Priorat,Falset,2n ESO A,Classe6
293,16/05/2024,15,1,0,1,0,1,1,0,0,0,10,3,2,0,Institut Priorat,Falset,2n ESO A,Classe6
294,17/05/2024,19,0,0,1,0,1,0,0,0,0,14,3,2,0,Institut Priorat,Falset,2n ESO A,Classe6
295,22/05/2024,22,2,3,5,1,1,3,1,3,4,10,4,8,4,Institut Priorat,Falset,2n ESO A,Classe6
296,24/05/2024,13,0,0,0,0,0,0,0,0,0,11,1,1,0,Institut Priorat,Falset,2n ESO A,Classe6
297,27/05/2024,10,1,0,1,0,0,0,0,0,1,7,3,0,0,Institut Priorat,Falset,2n ESO A,Classe6
298,28/05/2024,14,0,0,1,0,0,0,0,0,0,12,1,1,0,Institut Priorat,Falset,2n ESO A,Classe6
299,29/05/2024,15,0,0,0,0,0,0,0,0,1,10,5,0,0,Institut Priorat,Falset,2n ESO A,Classe6
300,31/05/2024,29,0,0,1,0,0,0,1,0,0,27,1,1,0,Institut Priorat,Falset,2n ESO A,Classe6
301,04/06/2024,15,0,0,0,0,0,1,0,0,0,14,1,0,0,Institut Priorat,Falset,2n ESO A,Classe6
302,06/06/2024,11,0,0,0,0,0,0,0,0,0,11,0,0,0,Institut Priorat,Falset,2n ESO A,Classe6
303,12/06/2024,18,0,0,0,0,0,0,0,0,0,17,1,0,0,Institut Priorat,Falset,2n ESO A,Classe6
304,09/02/2024,0,0,0,0,0,0,0,0,0,0,0,0,0,0,Institut Priorat,Falset,2n ESO B,Classe7
307,12/02/2024,0,0,0,0,0,0,0,0,0,0,0,0,0,0,Institut Priorat,Falset,2n ESO B,Classe7
308,13/02/2024,0,0,0,0,0,0,0,0,0,0,0,0,0,0,Institut Priorat,Falset,2n ESO B,Classe7
309,14/02/2024,0,0,0,0,0,0,0,0,0,0,0,0,0,0,Institut Priorat,Falset,2n ESO B,Classe7
310,15/02/2024,3,0,1,1,1,1,1,1,0,0,1,1,1,0,Institut Priorat,Falset,2n ESO B,Classe7
311,16/02/2024,1,0,1,1,1,0,0,0,0,0,1,0,0,0,Institut Priorat,Falset,2n ESO B,Classe7
312,21/02/2024,0,0,0,0,0,0,0,0,0,0,0,0,0,0,Institut Priorat,Falset,2n ESO B,Classe7
313,05/03/2024,21,1,0,0,2,4,5,1,0,1,9,10,2,0,Institut Priorat,Falset,2n ESO B,Classe7
314,06/03/2024,22,2,2,3,4,6,7,3,2,2,10,9,3,0,Institut Priorat,Falset,2n ESO B,Classe7
315,07/03/2024,19,0,1,3,0,2,4,1,0,1,9,6,4,0,Institut Priorat,Falset,2n ESO B,Classe7
316,08/03/2024,18,0,0,0,1,5,5,0,0,5,8,7,3,0,Institut Priorat,Falset,2n ESO B,Classe7
317,11/03/2024,16,0,1,1,0,1,3,2,0,1,10,3,3,0,Institut Priorat,Falset,2n ESO B,Classe7
318,12/03/2024,21,0,2,0,0,2,5,0,0,0,15,5,1,0,Institut Priorat,Falset,2n ESO B,Classe7
319,13/03/2024,23,1,0,0,1,0,3,0,0,4,15,6,2,0,Institut Priorat,Falset,2n ESO B,Classe7
320,14/03/2024,23,0,0,0,0,1,5,1,0,2,18,4,1,0,Institut Priorat,Falset,2n ESO B,Classe7
321,18/03/2024,23,0,0,1,0,0,2,0,0,0,19,3,1,0,Institut Priorat,Falset,2n ESO B,Classe7
322,19/03/2024,20,0,0,0,0,0,2,0,0,1,17,2,1,0,Institut Priorat,Falset,2n ESO B,Classe7
323,08/04/2024,23,1,0,0,0,0,2,0,0,5,14,7,2,0,Institut Priorat,Falset,2n ESO B,Classe7
324,16/04/2024,20,0,0,0,0,0,1,1,0,3,14,4,2,0,Institut Priorat,Falset,2n ESO B,Classe7
325,17/04/2024,23,0,0,0,0,2,2,0,0,3,18,2,3,0,Institut Priorat,Falset,2n ESO B,Classe7
326,18/04/2024,14,1,0,0,1,2,0,0,0,1,10,1,3,0,Institut Priorat,Falset,2n ESO B,Classe7
327,19/04/2024,20,1,2,1,2,2,2,0,0,2,13,4,3,0,Institut Priorat,Falset,2n ESO B,Classe7
328,22/04/2024,25,2,1,2,1,4,2,0,0,5,17,2,6,0,Institut Priorat,Falset,2n ESO B,Classe7
329,24/04/2024,21,1,2,2,1,2,2,1,3,4,14,3,4,0,Institut Priorat,Falset,2n ESO B,Classe7
330,10/05/2024,0,0,0,0,0,0,0,0,0,0,0,0,0,0,Institut Priorat,Falset,2n ESO B,Classe7
331,14/05/2024,23,1,0,1,0,2,4,0,0,3,11,8,4,1,Institut Priorat,Falset,2n ESO B,Classe7
332,15/05/2024,22,1,1,1,0,2,2,0,0,3,12,7,3,0,Institut Priorat,Falset,2n ESO B,Classe7
333,16/05/2024,20,1,2,1,0,0,1,1,0,2,15,3,2,1,Institut Priorat,Falset,2n ESO B,Classe7
334,17/05/2024,21,0,0,0,0,0,3,0,0,2,16,4,1,0,Institut Priorat,Falset,2n ESO B,Classe7
335,21/05/2024,20,0,1,0,0,1,0,0,0,5,14,4,2,0,Institut Priorat,Falset,2n ESO B,Classe7
336,22/05/2024,25,0,1,2,0,0,4,0,2,3,14,5,6,1,Institut Priorat,Falset,2n ESO B,Classe7
337,23/05/2024,21,0,0,0,0,1,3,0,1,2,14,5,2,0,Institut Priorat,Falset,2n ESO B,Classe7
338,24/05/2024,21,0,0,2,1,0,0,0,0,0,18,2,1,0,Institut Priorat,Falset,2n ESO B,Classe7
339,27/05/2024,28,1,1,1,1,1,1,1,1,1,19,6,3,2,Institut Priorat,Falset,2n ESO B,Classe7
340,28/05/2024,22,0,0,0,0,0,0,0,0,2,19,2,1,0,Institut Priorat,Falset,2n ESO B,Classe7
341,31/05/2024,20,0,0,2,1,1,0,0,0,2,13,5,2,1,Institut Priorat,Falset,2n ESO B,Classe7
342,03/06/2024,22,1,0,1,0,0,3,1,0,2,18,2,2,1,Institut Priorat,Falset,2n ESO B,Classe7
343,05/06/2024,4,0,0,0,0,0,0,0,0,0,2,2,0,0,Institut Priorat,Falset,2n ESO B,Classe7
344,07/06/2024,25,0,1,0,0,4,1,0,0,5,18,2,5,0,Institut Priorat,Falset,2n ESO B,Classe7
345,09/02/2024,0,0,0,0,0,0,0,0,0,0,0,0,0,0,Institut Priorat,Falset,2n ESO C,Classe8
348,12/02/2024,0,0,0,0,0,0,0,0,0,0,0,0,0,0,Institut Priorat,Falset,2n ESO C,Classe8
349,13/02/2024,0,0,0,0,0,0,0,0,0,0,0,0,0,0,Institut Priorat,Falset,2n ESO C,Classe8
350,14/02/2024,0,0,0,0,0,0,0,0,0,0,0,0,0,0,Institut Priorat,Falset,2n ESO C,Classe8
351,15/02/2024,3,0,1,1,1,1,1,1,0,0,1,1,1,0,Institut Priorat,Falset,2n ESO C,Classe8
352,16/02/2024,2,0,0,1,0,1,1,3,0,1,1,1,0,0,Institut Priorat,Falset,2n ESO C,Classe8
353,21/02/2024,1,0,0,1,1,0,1,0,0,0,1,0,0,0,Institut Priorat,Falset,2n ESO C,Classe8
354,05/03/2024,22,0,0,0,0,2,2,0,0,1,12,9,1,0,Institut Priorat,Falset,2n ESO C,Classe8
355,06/03/2024,25,0,0,1,1,2,4,1,0,0,11,11,3,0,Institut Priorat,Falset,2n ESO C,Classe8
356,07/03/2024,23,0,0,1,0,1,3,0,2,1,11,9,3,0,Institut Priorat,Falset,2n ESO C,Classe8
357,08/03/2024,22,1,0,1,0,0,0,0,0,0,14,7,1,0,Institut Priorat,Falset,2n ESO C,Classe8
358,11/03/2024,21,1,0,1,0,2,2,0,0,2,10,8,3,0,Institut Priorat,Falset,2n ESO C,Classe8
359,12/03/2024,19,0,0,1,0,3,3,0,0,1,9,9,1,0,Institut Priorat,Falset,2n ESO C,Classe8
360,13/03/2024,22,0,0,1,0,0,1,0,0,0,14,7,1,0,Institut Priorat,Falset,2n ESO C,Classe8
361,14/03/2024,20,0,0,2,0,1,1,0,0,0,12,6,2,0,Institut Priorat,Falset,2n ESO C,Classe8
362,18/03/2024,23,0,0,1,0,0,0,0,0,1,15,5,3,0,Institut Priorat,Falset,2n ESO C,Classe8
363,19/03/2024,22,0,0,1,0,0,1,0,0,0,17,4,1,0,Institut Priorat,Falset,2n ESO C,Classe8
364,20/03/2024,22,0,0,1,0,0,0,0,0,0,18,4,0,0,Institut Priorat,Falset,2n ESO C,Classe8
365,04/04/2024,22,0,0,2,0,0,0,0,0,0,16,2,4,0,Institut Priorat,Falset,2n ESO C,Classe8
366,05/04/2024,22,0,0,5,0,0,0,0,0,0,17,5,0,0,Institut Priorat,Falset,2n ESO C,Classe8
367,08/04/2024,25,0,0,2,1,0,0,0,0,0,11,11,3,0,Institut Priorat,Falset,2n ESO C,Classe8
368,09/04/2024,18,0,0,1,1,0,0,0,0,0,12,6,0,0,Institut Priorat,Falset,2n ESO C,Classe8
369,10/04/2024,20,0,0,1,1,0,1,1,0,0,14,6,0,0,Institut Priorat,Falset,2n ESO C,Classe8
370,11/04/2024,19,0,0,1,0,0,0,0,0,0,15,4,0,0,Institut Priorat,Falset,2n ESO C,Classe8
371,12/04/2024,24,0,0,1,0,0,0,0,0,0,18,6,0,0,Institut Priorat,Falset,2n ESO C,Classe8
372,15/04/2024,22,0,1,1,1,1,0,1,0,1,18,4,0,0,Institut Priorat,Falset,2n ESO C,Classe8
373,16/04/2024,43,0,0,1,0,0,1,0,0,0,34,6,3,0,Institut Priorat,Falset,2n ESO C,Classe8
374,17/04/2024,24,0,0,1,0,1,2,1,0,1,11,4,9,0,Institut Priorat,Falset,2n ESO C,Classe8
375,18/04/2024,20,0,0,1,0,1,2,0,0,0,14,6,0,0,Institut Priorat,Falset,2n ESO C,Classe8
376,19/04/2024,19,0,0,1,0,1,0,0,0,0,13,6,0,0,Institut Priorat,Falset,2n ESO C,Classe8
377,10/05/2024,19,0,0,1,0,0,2,0,0,0,14,5,0,1,Institut Priorat,Falset,2n ESO C,Classe8
378,14/05/2024,20,0,0,1,0,1,1,0,0,0,14,6,0,1,Institut Priorat,Falset,2n ESO C,Classe8
379,15/05/2024,74,0,0,3,0,0,1,0,2,0,67,7,0,0,Institut Priorat,Falset,2n ESO C,Classe8
380,16/05/2024,18,0,0,1,0,1,0,0,0,0,15,3,0,0,Institut Priorat,Falset,2n ESO C,Classe8
381,17/05/2024,21,0,0,1,0,1,0,0,0,0,19,2,0,0,Institut Priorat,Falset,2n ESO C,Classe8
382,21/05/2024,40,1,0,1,0,4,0,0,0,7,33,3,4,0,Institut Priorat,Falset,2n ESO C,Classe8
383,23/05/2024,23,0,0,2,0,0,0,0,0,0,15,8,0,0,Institut Priorat,Falset,2n ESO C,Classe8
384,30/05/2024,17,1,0,1,0,0,0,0,0,1,13,4,0,0,Institut Priorat,Falset,2n ESO C,Classe8
385,05/06/2024,23,0,0,1,0,0,0,0,0,0,16,6,1,0,Institut Priorat,Falset,2n ESO C,Classe8
386,11/06/2024,26,0,0,2,0,1,1,1,0,0,15,9,2,1,Institut Priorat,Falset,2n ESO C,Classe8
387,13/06/2024,16,0,0,0,0,0,0,0,0,0,11,5,0,0,Institut Priorat,Falset,2n ESO C,Classe8
388,09/02/2024,0,0,0,0,0,0,0,0,0,0,0,0,0,0,Escola Mercè Rodoreda,Barcelona,3r primària A,Classe9
391,12/02/2024,0,0,0,0,0,0,0,0,0,0,0,0,0,0,Escola Mercè Rodoreda,Barcelona,3r primària A,Classe9
392,13/02/2024,0,0,0,0,0,0,0,0,0,0,0,0,0,0,Escola Mercè Rodoreda,Barcelona,3r primària A,Classe9
393,14/02/2024,0,0,0,0,0,0,0,0,0,0,0,0,0,0,Escola Mercè Rodoreda,Barcelona,3r primària A,Classe9
394,27/02/2024,0,0,0,0,0,0,0,0,0,0,0,0,0,0,Escola Mercè Rodoreda,Barcelona,3r primària A,Classe9
395,28/02/2024,0,0,0,0,0,0,0,0,0,0,0,0,0,0,Escola Mercè Rodoreda,Barcelona,3r primària A,Classe9
396,01/03/2024,0,0,0,0,0,0,0,0,0,0,0,0,0,0,Escola Mercè Rodoreda,Barcelona,3r primària A,Classe9
397,08/03/2024,21,0,1,0,0,1,3,0,0,0,16,5,0,0,Escola Mercè Rodoreda,Barcelona,3r primària A,Classe9
398,11/03/2024,22,1,0,1,1,2,2,0,0,0,15,7,0,0,Escola Mercè Rodoreda,Barcelona,3r primària A,Classe9
399,13/03/2024,16,0,0,0,0,1,3,3,0,2,10,6,0,0,Escola Mercè Rodoreda,Barcelona,3r primària A,Classe9
400,14/03/2024,19,1,0,0,2,0,3,1,0,1,12,6,1,0,Escola Mercè Rodoreda,Barcelona,3r primària A,Classe9
401,15/03/2024,19,0,0,0,1,2,2,0,0,4,12,7,0,0,Escola Mercè Rodoreda,Barcelona,3r primària A,Classe9
402,05/04/2024,19,0,0,0,1,0,0,0,0,1,17,2,0,0,Escola Mercè Rodoreda,Barcelona,3r primària A,Classe9
403,11/04/2024,16,0,0,0,0,0,0,0,0,0,13,3,0,0,Escola Mercè Rodoreda,Barcelona,3r primària A,Classe9
404,12/04/2024,22,0,0,1,1,0,2,0,0,1,17,5,0,0,Escola Mercè Rodoreda,Barcelona,3r primària A,Classe9
405,15/04/2024,19,1,0,0,0,0,0,1,0,1,14,4,1,0,Escola Mercè Rodoreda,Barcelona,3r primària A,Classe9
406,16/04/2024,5,0,0,0,0,2,0,0,0,0,3,2,0,0,Escola Mercè Rodoreda,Barcelona,3r primària A,Classe9
407,18/04/2024,19,0,0,0,0,2,2,1,0,1,15,4,0,0,Escola Mercè Rodoreda,Barcelona,3r primària A,Classe9
408,19/04/2024,20,0,0,0,1,3,2,0,0,0,16,3,1,0,Escola Mercè Rodoreda,Barcelona,3r primària A,Classe9
409,22/04/2024,19,0,0,1,0,0,3,0,0,0,11,7,1,0,Escola Mercè Rodoreda,Barcelona,3r primària A,Classe9
410,24/04/2024,18,0,0,0,0,0,1,0,0,1,13,5,0,0,Escola Mercè Rodoreda,Barcelona,3r primària A,Classe9
411,06/05/2024,23,2,0,0,0,2,1,0,0,0,14,8,1,4,Escola Mercè Rodoreda,Barcelona,3r primària A,Classe9
412,14/05/2024,20,1,0,0,0,4,0,1,0,0,15,5,0,2,Escola Mercè Rodoreda,Barcelona,3r primària A,Classe9
413,15/05/2024,32,0,0,0,1,2,0,1,0,0,30,2,0,1,Escola Mercè Rodoreda,Barcelona,3r primària A,Classe9
414,16/05/2024,19,0,0,0,1,2,1,1,0,0,14,5,0,2,Escola Mercè Rodoreda,Barcelona,3r primària A,Classe9
415,23/05/2024,24,0,0,0,0,3,2,0,0,0,19,4,1,1,Escola Mercè Rodoreda,Barcelona,3r primària A,Classe9
416,24/05/2024,23,0,0,0,1,5,6,2,0,1,16,7,0,2,Escola Mercè Rodoreda,Barcelona,3r primària A,Classe9
417,29/05/2024,22,1,0,0,0,4,1,0,0,0,17,5,0,1,Escola Mercè Rodoreda,Barcelona,3r primària A,Classe9
418,09/02/2024,0,0,0,0,0,0,0,0,0,0,0,0,0,0,Escola Mercè Rodoreda,Barcelona,3r primària B,Classe10
421,12/02/2024,0,0,0,0,0,0,0,0,0,0,0,0,0,0,Escola Mercè Rodoreda,Barcelona,3r primària B,Classe10
422,13/02/2024,0,0,0,0,0,0,0,0,0,0,0,0,0,0,Escola Mercè Rodoreda,Barcelona,3r primària B,Classe10
423,14/02/2024,0,0,0,0,0,0,0,0,0,0,0,0,0,0,Escola Mercè Rodoreda,Barcelona,3r primària B,Classe10
424,27/02/2024,0,0,0,0,0,0,0,0,0,0,0,0,0,0,Escola Mercè Rodoreda,Barcelona,3r primària B,Classe10
425,28/02/2024,0,0,0,0,0,0,0,0,0,0,0,0,0,0,Escola Mercè Rodoreda,Barcelona,3r primària B,Classe10
426,29/02/2024,0,0,0,0,0,0,0,0,0,0,0,0,0,0,Escola Mercè Rodoreda,Barcelona,3r primària B,Classe10
427,01/03/2024,0,0,0,0,0,0,0,0,0,0,0,0,0,0,Escola Mercè Rodoreda,Barcelona,3r primària B,Classe10
428,06/03/2024,0,0,0,0,0,0,0,0,0,0,0,0,0,0,Escola Mercè Rodoreda,Barcelona,3r primària B,Classe10
429,07/03/2024,0,0,0,0,0,0,0,0,0,0,0,0,0,0,Escola Mercè Rodoreda,Barcelona,3r primària B,Classe10
430,08/03/2024,25,1,1,1,1,3,0,2,0,3,15,8,2,0,Escola Mercè Rodoreda,Barcelona,3r primària B,Classe10
431,11/03/2024,24,1,0,3,2,1,0,0,0,1,17,7,0,0,Escola Mercè Rodoreda,Barcelona,3r primària B,Classe10
432,12/03/2024,0,0,0,0,0,0,0,0,0,0,0,0,0,0,Escola Mercè Rodoreda,Barcelona,3r primària B,Classe10
433,13/03/2024,23,1,0,1,5,0,0,0,0,4,12,11,0,0,Escola Mercè Rodoreda,Barcelona,3r primària B,Classe10
434,14/03/2024,23,0,0,2,2,2,1,1,0,2,13,10,0,0,Escola Mercè Rodoreda,Barcelona,3r primària B,Classe10
435,15/03/2024,22,0,0,1,0,0,0,1,0,0,20,2,0,0,Escola Mercè Rodoreda,Barcelona,3r primària B,Classe10
436,18/03/2024,25,1,0,1,3,0,0,0,0,0,19,6,0,0,Escola Mercè Rodoreda,Barcelona,3r primària B,Classe10
437,19/03/2024,25,0,0,2,1,3,1,0,0,0,15,10,0,0,Escola Mercè Rodoreda,Barcelona,3r primària B,Classe10
438,20/03/2024,25,0,0,3,1,0,0,1,0,0,20,5,0,0,Escola Mercè Rodoreda,Barcelona,3r primària B,Classe10
439,21/03/2024,22,0,0,3,3,0,0,0,1,0,15,6,1,0,Escola Mercè Rodoreda,Barcelona,3r primària B,Classe10
440,22/03/2024,23,0,0,0,1,0,0,0,0,0,22,1,0,0,Escola Mercè Rodoreda,Barcelona,3r primària B,Classe10
441,02/04/2024,25,1,0,2,0,0,1,1,0,0,22,3,0,0,Escola Mercè Rodoreda,Barcelona,3r primària B,Classe10
442,04/04/2024,24,1,0,0,0,0,1,0,0,0,22,2,0,0,Escola Mercè Rodoreda,Barcelona,3r primària B,Classe10
443,05/04/2024,24,1,0,1,0,0,0,0,0,0,22,2,0,0,Escola Mercè Rodoreda,Barcelona,3r primària B,Classe10
444,11/04/2024,23,0,0,1,2,0,0,1,0,0,20,3,0,0,Escola Mercè Rodoreda,Barcelona,3r primària B,Classe10
445,12/04/2024,24,0,0,0,0,1,1,0,0,0,23,1,0,0,Escola Mercè Rodoreda,Barcelona,3r primària B,Classe10
446,15/04/2024,24,0,0,2,0,0,0,0,0,1,20,4,0,0,Escola Mercè Rodoreda,Barcelona,3r primària B,Classe10
447,16/04/2024,23,0,0,0,0,0,0,0,0,0,23,0,0,0,Escola Mercè Rodoreda,Barcelona,3r primària B,Classe10
448,17/04/2024,24,1,0,1,1,0,0,0,0,0,21,2,1,0,Escola Mercè Rodoreda,Barcelona,3r primària B,Classe10
449,18/04/2024,24,1,0,1,3,0,0,2,0,0,17,7,0,0,Escola Mercè Rodoreda,Barcelona,3r primària B,Classe10
450,19/04/2024,23,1,0,0,1,0,0,0,0,0,19,4,0,0,Escola Mercè Rodoreda,Barcelona,3r primària B,Classe10
451,22/04/2024,23,1,0,2,0,2,1,0,0,0,15,8,0,0,Escola Mercè Rodoreda,Barcelona,3r primària B,Classe10
452,23/04/2024,23,1,0,0,1,4,0,0,0,0,14,9,0,0,Escola Mercè Rodoreda,Barcelona,3r primària B,Classe10
453,24/04/2024,24,1,0,0,0,3,0,0,0,0,17,7,0,0,Escola Mercè Rodoreda,Barcelona,3r primària B,Classe10
454,25/04/2024,24,1,0,1,3,2,0,0,0,0,18,5,1,0,Escola Mercè Rodoreda,Barcelona,3r primària B,Classe10
455,26/04/2024,24,1,0,1,3,3,0,0,0,1,16,8,0,0,Escola Mercè Rodoreda,Barcelona,3r primària B,Classe10
456,29/04/2024,20,2,0,1,1,2,0,0,0,0,13,6,1,0,Escola Mercè Rodoreda,Barcelona,3r primària B,Classe10
457,30/04/2024,23,2,0,2,0,1,0,0,0,0,17,6,0,0,Escola Mercè Rodoreda,Barcelona,3r primària B,Classe10
458,02/05/2024,24,0,1,0,0,4,0,0,0,0,18,6,0,1,Escola Mercè Rodoreda,Barcelona,3r primària B,Classe10
459,03/05/2024,23,1,0,1,1,1,0,0,0,0,17,4,2,2,Escola Mercè Rodoreda,Barcelona,3r primària B,Classe10
460,06/05/2024,25,1,0,1,1,2,0,0,0,0,18,7,0,2,Escola Mercè Rodoreda,Barcelona,3r primària B,Classe10
461,07/05/2024,24,2,0,0,0,3,1,0,0,0,16,7,1,2,Escola Mercè Rodoreda,Barcelona,3r primària B,Classe10
462,08/05/2024,25,1,0,2,1,2,0,0,0,0,18,6,1,1,Escola Mercè Rodoreda,Barcelona,3r primària B,Classe10
463,09/05/2024,23,2,0,1,0,2,0,0,0,0,19,4,0,0,Escola Mercè Rodoreda,Barcelona,3r primària B,Classe10
464,13/05/2024,19,1,0,0,0,1,0,0,0,1,15,3,1,1,Escola Mercè Rodoreda,Barcelona,3r primària B,Classe10
465,14/05/2024,23,1,0,2,0,1,0,0,0,0,18,4,1,0,Escola Mercè Rodoreda,Barcelona,3r primària B,Classe10
466,15/05/2024,23,0,0,1,0,1,0,0,0,0,21,2,0,0,Escola Mercè Rodoreda,Barcelona,3r primària B,Classe10
467,09/02/2024,0,0,0,0,0,0,0,0,0,0,0,0,0,0,Escola Mercè Rodoreda,Barcelona,5è primària A,Classe11
470,12/02/2024,0,0,0,0,0,0,0,0,0,0,0,0,0,0,Escola Mercè Rodoreda,Barcelona,5è primària A,Classe11
471,13/02/2024,0,0,0,0,0,0,0,0,0,0,0,0,0,0,Escola Mercè Rodoreda,Barcelona,5è primària A,Classe11
472,14/02/2024,0,0,0,0,0,0,0,0,0,0,0,0,0,0,Escola Mercè Rodoreda,Barcelona,5è primària A,Classe11
473,23/02/2024,0,0,0,0,0,0,0,0,0,0,0,0,0,0,Escola Mercè Rodoreda,Barcelona,5è primària A,Classe11
474,27/02/2024,0,0,0,0,0,0,0,0,0,0,0,0,0,0,Escola Mercè Rodoreda,Barcelona,5è primària A,Classe11
475,28/02/2024,0,0,0,0,0,0,0,0,0,0,0,0,0,0,Escola Mercè Rodoreda,Barcelona,5è primària A,Classe11
476,01/03/2024,0,0,0,0,0,0,0,0,0,0,0,0,0,0,Escola Mercè Rodoreda,Barcelona,5è primària A,Classe11
477,13/03/2024,21,3,0,1,4,0,0,1,0,3,9,11,1,0,Escola Mercè Rodoreda,Barcelona,5è primària A,Classe11
478,14/03/2024,29,3,0,0,2,3,1,3,0,3,10,15,4,0,Escola Mercè Rodoreda,Barcelona,5è primària A,Classe11
479,18/03/2024,2,0,0,0,0,0,0,0,0,0,0,0,2,0,Escola Mercè Rodoreda,Barcelona,5è primària A,Classe11
480,19/03/2024,27,2,0,1,4,2,1,2,0,1,15,9,3,0,Escola Mercè Rodoreda,Barcelona,5è primària A,Classe11
481,21/03/2024,33,2,0,5,1,2,0,2,0,1,14,16,3,0,Escola Mercè Rodoreda,Barcelona,5è primària A,Classe11
482,22/03/2024,20,1,0,0,9,0,0,0,0,0,17,2,1,0,Escola Mercè Rodoreda,Barcelona,5è primària A,Classe11
483,02/04/2024,23,2,1,2,2,1,0,1,0,2,12,11,0,0,Escola Mercè Rodoreda,Barcelona,5è primària A,Classe11
484,09/04/2024,32,0,0,3,1,3,0,0,0,2,19,11,2,0,Escola Mercè Rodoreda,Barcelona,5è primària A,Classe11
485,11/04/2024,19,2,0,0,2,1,1,0,0,2,15,4,0,0,Escola Mercè Rodoreda,Barcelona,5è primària A,Classe11
486,16/04/2024,25,1,0,1,1,2,3,20,0,1,12,11,2,0,Escola Mercè Rodoreda,Barcelona,5è primària A,Classe11
487,17/04/2024,27,0,0,0,3,2,1,8,1,0,15,12,0,0,Escola Mercè Rodoreda,Barcelona,5è primària A,Classe11
488,19/04/2024,42,6,0,0,1,1,1,16,1,2,21,20,1,0,Escola Mercè Rodoreda,Barcelona,5è primària A,Classe11
489,25/04/2024,32,2,0,1,0,2,2,2,0,9,18,13,1,0,Escola Mercè Rodoreda,Barcelona,5è primària A,Classe11
490,29/04/2024,25,3,0,0,0,3,0,1,0,0,18,7,0,0,Escola Mercè Rodoreda,Barcelona,5è primària A,Classe11
491,30/04/2024,22,0,0,1,15,2,2,2,0,0,15,7,0,0,Escola Mercè Rodoreda,Barcelona,5è primària A,Classe11
492,10/05/2024,24,2,0,1,2,3,1,1,0,1,18,6,0,0,Escola Mercè Rodoreda,Barcelona,5è primària A,Classe11
493,13/05/2024,27,4,0,0,0,20,0,0,0,0,22,5,0,0,Escola Mercè Rodoreda,Barcelona,5è primària A,Classe11
494,14/05/2024,24,1,0,1,1,1,1,0,0,0,17,7,0,2,Escola Mercè Rodoreda,Barcelona,5è primària A,Classe11
495,21/05/2024,21,3,0,0,1,2,0,0,0,0,17,4,0,0,Escola Mercè Rodoreda,Barcelona,5è primària A,Classe11
496,22/05/2024,39,1,1,1,1,3,2,1,1,2,30,7,2,2,Escola Mercè Rodoreda,Barcelona,5è primària A,Classe11
497,09/02/2024,0,0,0,0,0,0,0,0,0,0,0,0,0,0,Escola Mercè Rodoreda,Barcelona,5è primària B,Classe12
500,12/02/2024,0,0,0,0,0,0,0,0,0,0,0,0,0,0,Escola Mercè Rodoreda,Barcelona,5è primària B,Classe12
501,13/02/2024,0,0,0,0,0,0,0,0,0,0,0,0,0,0,Escola Mercè Rodoreda,Barcelona,5è primària B,Classe12
502,14/02/2024,0,0,0,0,0,0,0,0,0,0,0,0,0,0,Escola Mercè Rodoreda,Barcelona,5è primària B,Classe12
503,23/02/2024,0,0,0,0,0,0,0,0,0,0,0,0,0,0,Escola Mercè Rodoreda,Barcelona,5è primària B,Classe12
504,27/02/2024,0,0,0,0,0,0,0,0,0,0,0,0,0,0,Escola Mercè Rodoreda,Barcelona,5è primària B,Classe12
505,28/02/2024,0,0,0,0,0,0,0,0,0,0,0,0,0,0,Escola Mercè Rodoreda,Barcelona,5è primària B,Classe12
506,01/03/2024,0,0,0,0,0,0,0,0,0,0,0,0,0,0,Escola Mercè Rodoreda,Barcelona,5è primària B,Classe12
507,13/03/2024,26,0,0,1,3,0,3,0,1,5,14,12,0,0,Escola Mercè Rodoreda,Barcelona,5è primària B,Classe12
508,14/03/2024,25,0,0,2,1,0,4,0,0,5,15,10,0,0,Escola Mercè Rodoreda,Barcelona,5è primària B,Classe12
509,18/03/2024,26,1,0,0,4,1,1,2,0,4,14,11,1,0,Escola Mercè Rodoreda,Barcelona,5è primària B,Classe12
510,19/03/2024,23,0,0,0,2,0,0,1,0,7,12,10,1,0,Escola Mercè Rodoreda,Barcelona,5è primària B,Classe12
511,20/03/2024,24,0,0,1,2,1,0,0,0,6,14,7,3,0,Escola Mercè Rodoreda,Barcelona,5è primària B,Classe12
512,21/03/2024,22,1,1,2,1,1,0,0,0,4,13,6,3,0,Escola Mercè Rodoreda,Barcelona,5è primària B,Classe12
513,22/03/2024,32,1,0,1,2,0,0,0,0,1,24,6,2,0,Escola Mercè Rodoreda,Barcelona,5è primària B,Classe12
514,02/04/2024,25,0,0,2,2,1,0,0,0,4,16,9,0,0,Escola Mercè Rodoreda,Barcelona,5è primària B,Classe12
515,03/04/2024,24,1,0,1,0,1,0,1,0,1,17,7,0,0,Escola Mercè Rodoreda,Barcelona,5è primària B,Classe12
516,04/04/2024,25,0,0,2,2,1,1,0,0,3,15,10,0,0,Escola Mercè Rodoreda,Barcelona,5è primària B,Classe12
517,05/04/2024,23,1,0,1,0,0,0,1,0,2,17,6,0,0,Escola Mercè Rodoreda,Barcelona,5è primària B,Classe12
518,08/04/2024,24,1,0,0,0,1,0,0,1,5,16,8,0,0,Escola Mercè Rodoreda,Barcelona,5è primària B,Classe12
519,09/04/2024,28,0,0,1,1,3,1,2,1,2,14,11,3,0,Escola Mercè Rodoreda,Barcelona,5è primària B,Classe12
520,10/04/2024,26,2,2,0,0,0,0,0,1,3,14,11,1,0,Escola Mercè Rodoreda,Barcelona,5è primària B,Classe12
521,12/04/2024,25,0,0,0,0,2,1,1,0,13,14,10,1,0,Escola Mercè Rodoreda,Barcelona,5è primària B,Classe12
522,15/04/2024,22,0,0,2,0,3,1,2,0,3,6,14,2,0,Escola Mercè Rodoreda,Barcelona,5è primària B,Classe12
523,16/04/2024,0,0,0,0,0,0,0,0,0,0,0,0,0,0,Escola Mercè Rodoreda,Barcelona,5è primària B,Classe12
524,17/04/2024,19,1,0,0,1,5,2,0,0,5,3,14,2,0,Escola Mercè Rodoreda,Barcelona,5è primària B,Classe12
525,18/04/2024,20,0,0,0,0,3,4,1,0,5,4,14,2,0,Escola Mercè Rodoreda,Barcelona,5è primària B,Classe12
526,19/04/2024,24,1,0,0,0,5,6,1,0,3,9,11,4,0,Escola Mercè Rodoreda,Barcelona,5è primària B,Classe12
527,22/04/2024,26,0,0,4,0,5,3,1,0,5,9,13,4,0,Escola Mercè Rodoreda,Barcelona,5è primària B,Classe12
528,24/04/2024,14,0,0,0,1,4,4,0,0,0,4,9,1,0,Escola Mercè Rodoreda,Barcelona,5è primària B,Classe12
529,25/04/2024,24,1,0,0,0,6,4,1,0,2,7,14,3,0,Escola Mercè Rodoreda,Barcelona,5è primària B,Classe12
530,26/04/2024,24,0,0,1,0,3,4,0,0,5,8,14,2,0,Escola Mercè Rodoreda,Barcelona,5è primària B,Classe12
531,29/04/2024,27,0,0,1,0,3,4,0,0,3,12,14,1,0,Escola Mercè Rodoreda,Barcelona,5è primària B,Classe12
532,30/04/2024,24,1,1,0,0,5,2,0,0,2,10,13,1,0,Escola Mercè Rodoreda,Barcelona,5è primària B,Classe12
533,02/05/2024,23,1,0,0,1,8,1,0,0,2,10,12,1,3,Escola Mercè Rodoreda,Barcelona,5è primària B,Classe12
534,03/05/2024,24,0,0,0,1,7,3,0,0,3,4,19,1,3,Escola Mercè Rodoreda,Barcelona,5è primària B,Classe12
535,09/05/2024,19,0,0,0,0,2,2,1,0,3,9,10,0,3,Escola Mercè Rodoreda,Barcelona,5è primària B,Classe12
536,10/05/2024,18,0,0,0,3,2,2,4,0,3,5,11,2,3,Escola Mercè Rodoreda,Barcelona,5è primària B,Classe12
537,13/05/2024,22,0,0,0,0,1,1,0,0,8,6,15,1,6,Escola Mercè Rodoreda,Barcelona,5è primària B,Classe12
538,14/05/2024,24,1,0,0,2,4,0,0,0,3,11,12,1,7,Escola Mercè Rodoreda,Barcelona,5è primària B,Classe12
539,16/05/2024,28,0,0,2,3,3,2,0,1,2,4,23,1,12,Escola Mercè Rodoreda,Barcelona,5è primària B,Classe12
540,22/05/2024,20,1,0,2,0,3,2,1,0,5,6,12,2,2,Escola Mercè Rodoreda,Barcelona,5è primària B,Classe12
541,24/05/2024,21,1,0,0,0,1,3,0,0,3,11,10,0,2,Escola Mercè Rodoreda,Barcelona,5è primària B,Classe12
542,27/05/2024,23,1,0,2,0,1,1,0,0,8,8,14,1,4,Escola Mercè Rodoreda,Barcelona,5è primària B,Classe12
543,28/05/2024,21,0,0,1,0,2,0,0,0,4,12,7,2,2,Escola Mercè Rodoreda,Barcelona,5è primària B,Classe12
544,30/05/2024,21,0,0,0,1,1,0,0,1,4,13,8,0,2,Escola Mercè Rodoreda,Barcelona,5è primària B,Classe12
545,31/05/2024,23,0,0,3,1,1,0,0,0,4,11,11,1,3,Escola Mercè Rodoreda,Barcelona,5è primària B,Classe12
546,06/06/2024,25,0,0,1,0,1,0,0,0,3,17,7,1,3,Escola Mercè Rodoreda,Barcelona,5è primària B,Classe12
547,07/06/2024,21,0,0,2,0,2,4,0,0,3,10,11,0,1,Escola Mercè Rodoreda,Barcelona,5è primària B,Classe12
548,10/06/2024,19,0,0,1,0,5,0,0,0,3,10,9,0,1,Escola Mercè Rodoreda,Barcelona,5è primària B,Classe12
549,11/06/2024,22,0,0,0,0,2,0,0,0,3,15,6,1,2,Escola Mercè Rodoreda,Barcelona,5è primària B,Classe12
550,12/06/2024,20,0,0,1,0,1,0,0,0,5,11,7,2,2,Escola Mercè Rodoreda,Barcelona,5è primària B,Classe12
551,13/06/2024,22,0,0,0,0,1,1,0,0,3,16,4,2,1,Escola Mercè Rodoreda,Barcelona,5è primària B,Classe12
552,14/06/2024,22,0,0,0,1,1,1,0,0,3,15,7,0,1,Escola Mercè Rodoreda,Barcelona,5è primària B,Classe12
553,09/02/2024,0,0,0,0,0,0,0,0,0,0,0,0,0,0,Institut Palamós,Palamós,CAI A,Classe13
556,12/02/2024,0,0,0,0,0,0,0,0,0,0,0,0,0,0,Institut Palamós,Palamós,CAI A,Classe13
557,13/02/2024,0,0,0,0,0,0,0,0,0,0,0,0,0,0,Institut Palamós,Palamós,CAI A,Classe13
558,14/02/2024,0,0,0,0,0,0,0,0,0,0,0,0,0,0,Institut Palamós,Palamós,CAI A,Classe13
559,23/02/2024,0,0,0,0,0,0,0,0,0,0,0,0,0,0,Institut Palamós,Palamós,CAI A,Classe13
560,28/02/2024,0,0,0,0,0,0,0,0,0,0,0,0,0,0,Institut Palamós,Palamós,CAI A,Classe13
561,29/02/2024,0,0,0,0,0,0,0,0,0,0,0,0,0,0,Institut Palamós,Palamós,CAI A,Classe13
562,05/03/2024,0,0,0,0,0,0,0,0,0,0,0,0,0,0,Institut Palamós,Palamós,CAI A,Classe13
563,06/03/2024,0,0,0,0,0,0,0,0,0,0,0,0,0,0,Institut Palamós,Palamós,CAI A,Classe13
564,07/03/2024,0,0,0,0,0,0,0,0,0,0,0,0,0,0,Institut Palamós,Palamós,CAI A,Classe13
565,08/03/2024,1,0,0,1,0,1,1,1,0,0,1,0,0,0,Institut Palamós,Palamós,CAI A,Classe13
566,12/03/2024,9,1,0,1,1,0,0,1,0,1,4,4,1,0,Institut Palamós,Palamós,CAI A,Classe13
567,13/03/2024,0,0,0,0,0,0,0,0,0,0,0,0,0,0,Institut Palamós,Palamós,CAI A,Classe13
568,15/03/2024,12,2,1,2,0,3,0,1,0,1,6,6,0,0,Institut Palamós,Palamós,CAI A,Classe13
569,19/03/2024,10,3,0,1,0,1,1,0,0,2,5,5,0,0,Institut Palamós,Palamós,CAI A,Classe13
570,21/03/2024,10,1,0,1,0,0,0,0,0,3,6,4,0,0,Institut Palamós,Palamós,CAI A,Classe13
571,02/04/2024,9,1,0,2,0,0,0,0,0,0,5,2,2,0,Institut Palamós,Palamós,CAI A,Classe13
572,04/04/2024,10,0,0,1,1,3,2,1,0,0,7,3,0,0,Institut Palamós,Palamós,CAI A,Classe13
573,05/04/2024,11,0,0,1,1,2,2,1,0,1,8,3,0,0,Institut Palamós,Palamós,CAI A,Classe13
574,08/04/2024,9,0,0,0,0,0,0,0,0,2,9,0,0,0,Institut Palamós,Palamós,CAI A,Classe13
575,09/04/2024,4,0,0,1,1,0,1,0,0,0,4,0,0,0,Institut Palamós,Palamós,CAI A,Classe13
576,12/04/2024,8,0,0,0,0,0,0,0,0,2,6,2,0,0,Institut Palamós,Palamós,CAI A,Classe13
577,19/04/2024,0,0,0,0,0,0,0,0,0,0,0,0,0,0,Institut Palamós,Palamós,CAI A,Classe13
578,26/04/2024,7,0,0,0,1,2,0,0,0,0,7,0,0,0,Institut Palamós,Palamós,CAI A,Classe13
579,09/02/2024,0,0,0,0,0,0,0,0,0,0,0,0,0,0,Institut Palamós,Palamós,CAI B,Classe14
582,12/02/2024,0,0,0,0,0,0,0,0,0,0,0,0,0,0,Institut Palamós,Palamós,CAI B,Classe14
583,13/02/2024,0,0,0,0,0,0,0,0,0,0,0,0,0,0,Institut Palamós,Palamós,CAI B,Classe14
584,14/02/2024,0,0,0,0,0,0,0,0,0,0,0,0,0,0,Institut Palamós,Palamós,CAI B,Classe14
585,23/02/2024,0,0,0,0,0,0,0,0,0,0,0,0,0,0,Institut Palamós,Palamós,CAI B,Classe14
586,28/02/2024,83,0,0,0,0,0,1,41,0,0,31,24,28,0,Institut Palamós,Palamós,CAI B,Classe14
587,06/03/2024,0,0,0,0,0,0,0,0,0,0,0,0,0,0,Institut Palamós,Palamós,CAI B,Classe14
588,11/03/2024,0,0,0,0,0,0,0,0,0,0,0,0,0,0,Institut Palamós,Palamós,CAI B,Classe14
589,12/03/2024,8,0,1,2,0,3,1,3,0,0,2,3,3,0,Institut Palamós,Palamós,CAI B,Classe14
590,13/03/2024,10,4,3,7,1,3,2,1,0,0,3,6,1,0,Institut Palamós,Palamós,CAI B,Classe14
591,14/03/2024,9,1,0,2,2,3,1,1,0,3,2,7,0,0,Institut Palamós,Palamós,CAI B,Classe14
592,15/03/2024,0,0,0,0,0,0,0,0,0,0,0,0,0,0,Institut Palamós,Palamós,CAI B,Classe14
593,18/03/2024,6,2,0,2,0,2,1,0,0,2,2,2,2,0,Institut Palamós,Palamós,CAI B,Classe14
594,19/03/2024,8,3,0,2,1,3,0,1,0,2,3,3,2,0,Institut Palamós,Palamós,CAI B,Classe14
595,20/03/2024,9,1,1,7,3,1,1,0,0,2,4,3,2,0,Institut Palamós,Palamós,CAI B,Classe14
596,21/03/2024,0,0,0,0,0,0,0,0,0,0,0,0,0,0,Institut Palamós,Palamós,CAI B,Classe14
597,03/04/2024,5,2,1,2,0,2,0,1,0,2,2,2,1,0,Institut Palamós,Palamós,CAI B,Classe14
598,05/04/2024,7,0,0,1,1,3,0,0,1,2,4,2,1,0,Institut Palamós,Palamós,CAI B,Classe14
599,08/04/2024,6,0,0,1,1,0,0,0,0,0,3,2,1,0,Institut Palamós,Palamós,CAI B,Classe14
600,10/04/2024,6,0,0,2,1,1,0,1,0,2,2,3,1,0,Institut Palamós,Palamós,CAI B,Classe14
601,12/04/2024,5,1,0,0,0,2,2,2,0,1,3,2,0,0,Institut Palamós,Palamós,CAI B,Classe14
602,16/04/2024,0,0,0,0,0,0,0,0,0,0,0,0,0,0,Institut Palamós,Palamós,CAI B,Classe14
603,19/04/2024,7,2,0,1,1,1,0,1,0,2,3,3,1,0,Institut Palamós,Palamós,CAI B,Classe14
604,22/04/2024,9,0,0,2,2,1,1,1,0,2,4,5,0,0,Institut Palamós,Palamós,CAI B,Classe14
605,09/02/2024,0,0,0,0,0,0,0,0,0,0,0,0,0,0,Institut Palamós,Palamós,CAI C,Classe15
608,12/02/2024,0,0,0,0,0,0,0,0,0,0,0,0,0,0,Institut Palamós,Palamós,CAI C,Classe15
609,13/02/2024,0,0,0,0,0,0,0,0,0,0,0,0,0,0,Institut Palamós,Palamós,CAI C,Classe15
610,14/02/2024,0,0,0,0,0,0,0,0,0,0,0,0,0,0,Institut Palamós,Palamós,CAI C,Classe15
611,23/02/2024,0,0,0,0,0,0,0,0,0,0,0,0,0,0,Institut Palamós,Palamós,CAI C,Classe15
612,28/02/2024,0,0,0,0,0,0,0,0,0,0,0,0,0,0,Institut Palamós,Palamós,CAI C,Classe15
613,04/03/2024,0,0,0,0,0,0,0,0,0,0,0,0,0,0,Institut Palamós,Palamós,CAI C,Classe15
614,07/03/2024,0,0,0,0,0,0,0,0,0,0,0,0,0,0,Institut Palamós,Palamós,CAI C,Classe15
615,08/03/2024,0,0,0,0,0,0,0,0,0,0,0,0,0,0,Institut Palamós,Palamós,CAI C,Classe15
617,11/03/2024,13,1,1,7,1,1,6,0,0,0,2,8,3,0,Institut Palamós,Palamós,CAI C,Classe15
618,12/03/2024,10,1,0,4,0,2,2,1,0,2,3,4,3,0,Institut Palamós,Palamós,CAI C,Classe15
619,13/03/2024,8,1,0,1,0,3,2,1,0,0,5,3,0,0,Institut Palamós,Palamós,CAI C,Classe15
620,12/04/2024,0,0,0,0,0,0,0,0,0,0,0,0,0,0,Institut Palamós,Palamós,CAI C,Classe15
621,19/04/2024,0,0,0,0,0,0,0,0,0,0,0,0,0,0,Institut Palamós,Palamós,CAI C,Classe15
622,14/05/2024,0,0,0,0,0,0,0,0,0,0,0,0,0,0,Institut Palamós,Palamós,CAI C,Classe15
624,09/02/2024,0,0,0,0,0,0,0,0,0,0,0,0,0,0,Institut Palamós,Palamós,CAI DE,Classe16
627,12/02/2024,0,0,0,0,0,0,0,0,0,0,0,0,0,0,Institut Palamós,Palamós,CAI DE,Classe16
628,13/02/2024,0,0,0,0,0,0,0,0,0,0,0,0,0,0,Institut Palamós,Palamós,CAI DE,Classe16
629,14/02/2024,0,0,0,0,0,0,0,0,0,0,0,0,0,0,Institut Palamós,Palamós,CAI DE,Classe16
630,23/02/2024,0,0,0,0,0,0,0,0,0,0,0,0,0,0,Institut Palamós,Palamós,CAI DE,Classe16
631,28/02/2024,0,0,0,0,0,0,0,0,0,0,0,0,0,0,Institut Palamós,Palamós,CAI DE,Classe16
632,16/04/2024,0,0,0,0,0,0,0,0,0,0,0,0,0,0,Institut Palamós,Palamós,CAI DE,Classe16
633,17/04/2024,0,0,0,0,0,0,0,0,0,0,0,0,0,0,Institut Palamós,Palamós,CAI DE,Classe16
634,18/04/2024,27,3,3,5,3,18,3,3,3,3,9,12,6,0,Institut Palamós,Palamós,CAI DE,Classe16
635,22/04/2024,0,0,0,0,0,0,0,0,0,0,0,0,0,0,Institut Palamós,Palamós,CAI DE,Classe16
636,09/02/2024,0,0,0,0,0,0,0,0,0,0,0,0,0,0,Institut Palamós,Palamós,FIP1,Classe17
639,12/02/2024,0,0,0,0,0,0,0,0,0,0,0,0,0,0,Institut Palamós,Palamós,FIP1,Classe17
640,13/02/2024,0,0,0,0,0,0,0,0,0,0,0,0,0,0,Institut Palamós,Palamós,FIP1,Classe17
641,14/02/2024,0,0,0,0,0,0,0,0,0,0,0,0,0,0,Institut Palamós,Palamós,FIP1,Classe17
642,23/02/2024,0,0,0,0,0,0,0,0,0,0,0,0,0,0,Institut Palamós,Palamós,FIP1,Classe17
643,28/02/2024,0,0,0,0,0,0,0,0,0,0,0,0,0,0,Institut Palamós,Palamós,FIP1,Classe17
644,29/02/2024,0,0,0,0,0,0,0,0,0,0,0,0,0,0,Institut Palamós,Palamós,FIP1,Classe17
645,06/03/2024,15,0,0,0,0,0,0,0,0,0,15,0,0,0,Institut Palamós,Palamós,FIP1,Classe17
646,07/03/2024,22,0,0,0,0,1,1,1,0,0,17,3,2,0,Institut Palamós,Palamós,FIP1,Classe17
647,08/03/2024,4,0,0,0,0,0,0,2,0,0,2,1,1,0,Institut Palamós,Palamós,FIP1,Classe17
649,11/03/2024,0,0,0,0,0,0,0,0,0,0,0,0,0,0,Institut Palamós,Palamós,FIP1,Classe17
650,12/03/2024,22,2,0,3,3,5,3,2,0,0,15,6,1,0,Institut Palamós,Palamós,FIP1,Classe17
651,13/03/2024,25,5,0,3,2,7,3,2,0,1,12,12,1,0,Institut Palamós,Palamós,FIP1,Classe17
652,14/03/2024,24,5,2,4,4,8,5,3,1,3,7,13,4,0,Institut Palamós,Palamós,FIP1,Classe17
653,15/03/2024,22,2,2,4,4,8,5,4,0,1,8,12,2,0,Institut Palamós,Palamós,FIP1,Classe17
654,18/03/2024,23,1,1,2,2,3,3,4,0,1,14,8,1,0,Institut Palamós,Palamós,FIP1,Classe17
655,19/03/2024,22,0,0,1,3,4,2,3,0,0,13,7,2,0,Institut Palamós,Palamós,FIP1,Classe17
656,20/03/2024,17,0,0,1,3,3,2,0,0,1,11,6,0,0,Institut Palamós,Palamós,FIP1,Classe17
657,21/03/2024,14,1,0,3,1,1,2,1,0,1,6,6,2,0,Institut Palamós,Palamós,FIP1,Classe17
658,22/03/2024,9,0,0,1,2,4,1,1,0,0,3,5,1,0,Institut Palamós,Palamós,FIP1,Classe17
659,03/04/2024,19,0,0,0,1,3,3,3,0,0,14,5,0,0,Institut Palamós,Palamós,FIP1,Classe17
660,04/04/2024,12,0,0,2,0,0,1,1,0,0,6,6,0,0,Institut Palamós,Palamós,FIP1,Classe17
661,08/04/2024,20,3,0,0,0,2,1,0,0,0,15,5,0,0,Institut Palamós,Palamós,FIP1,Classe17
662,09/04/2024,17,1,0,2,1,4,2,0,0,0,8,8,1,0,Institut Palamós,Palamós,FIP1,Classe17
663,10/04/2024,10,0,0,1,1,3,3,2,0,0,5,5,0,0,Institut Palamós,Palamós,FIP1,Classe17
664,12/04/2024,22,0,0,1,1,1,3,0,0,0,17,5,0,0,Institut Palamós,Palamós,FIP1,Classe17
665,16/04/2024,14,4,0,0,0,4,2,0,0,0,8,6,0,0,Institut Palamós,Palamós,FIP1,Classe17
666,17/04/2024,12,0,0,0,1,0,1,0,0,0,7,5,0,0,Institut Palamós,Palamós,FIP1,Classe17
667,18/04/2024,8,1,1,0,0,1,1,0,0,0,6,2,0,0,Institut Palamós,Palamós,FIP1,Classe17
668,19/04/2024,14,0,2,2,0,0,0,0,0,2,10,4,0,0,Institut Palamós,Palamós,FIP1,Classe17
669,22/04/2024,12,2,0,2,1,2,1,1,0,1,5,7,0,0,Institut Palamós,Palamós,FIP1,Classe17
670,23/04/2024,15,0,2,2,0,1,1,0,0,1,7,8,0,0,Institut Palamós,Palamós,FIP1,Classe17
671,24/04/2024,15,0,0,2,0,2,1,0,0,0,9,6,0,0,Institut Palamós,Palamós,FIP1,Classe17
672,25/04/2024,7,0,0,0,0,3,0,2,0,0,4,3,0,0,Institut Palamós,Palamós,FIP1,Classe17
673,26/04/2024,12,1,0,1,1,1,1,0,0,0,9,3,0,0,Institut Palamós,Palamós,FIP1,Classe17
674,29/04/2024,12,0,0,0,0,1,0,1,0,0,9,3,0,0,Institut Palamós,Palamós,FIP1,Classe17
675,30/04/2024,17,2,1,0,0,1,0,1,0,0,10,7,0,0,Institut Palamós,Palamós,FIP1,Classe17
676,06/05/2024,6,1,1,1,0,1,1,1,0,0,3,3,0,0,Institut Palamós,Palamós,FIP1,Classe17
677,07/05/2024,13,2,0,0,1,2,2,0,0,0,10,3,0,0,Institut Palamós,Palamós,FIP1,Classe17
678,08/05/2024,9,1,0,0,1,1,2,0,0,0,5,4,0,1,Institut Palamós,Palamós,FIP1,Classe17
679,09/05/2024,8,2,0,0,1,1,1,0,0,0,7,1,0,0,Institut Palamós,Palamós,FIP1,Classe17
680,10/05/2024,0,0,0,0,0,0,0,0,0,0,0,0,0,0,Institut Palamós,Palamós,FIP1,Classe17
681,13/05/2024,16,2,0,0,0,1,1,0,0,0,10,6,0,1,Institut Palamós,Palamós,FIP1,Classe17
682,15/05/2024,19,2,0,0,0,1,1,0,0,0,12,7,0,0,Institut Palamós,Palamós,FIP1,Classe17
683,16/05/2024,10,1,0,0,0,1,0,0,0,0,9,1,0,0,Institut Palamós,Palamós,FIP1,Classe17
684,17/05/2024,12,1,0,0,0,4,2,1,0,1,9,3,0,1,Institut Palamós,Palamós,FIP1,Classe17
687,20/05/2024,18,2,1,0,1,1,0,1,0,0,11,8,0,0,Institut de Roses,Roses,FIP1,Classe18
688,21/05/2024,7,1,1,0,0,2,1,1,0,0,4,3,0,0,Institut de Roses,Roses,FIP1,Classe18
689,22/05/2024,14,3,0,1,1,1,2,0,0,0,11,4,0,0,Institut de Roses,Roses,FIP1,Classe18
690,23/05/2024,10,1,0,0,1,1,2,0,0,0,6,3,0,1,Institut de Roses,Roses,FIP1,Classe18
691,24/05/2024,9,2,0,0,0,1,1,0,0,0,8,1,0,0,Institut de Roses,Roses,FIP1,Classe18
694,27/05/2024,18,2,0,0,0,2,1,0,0,0,13,6,0,0,Institut de Roses,Roses,FIP1,Classe18
695,28/05/2024,11,1,0,0,0,1,0,0,0,0,10,2,0,0,Institut de Roses,Roses,FIP1,Classe18
696,29/05/2024,13,1,0,0,0,3,2,1,0,1,10,4,0,1,Institut de Roses,Roses,FIP1,Classe18
698,29/05/2024,11,0,0,0,0,1,0,1,0,0,8,2,0,0,Institut Girona,Girona,FIP1,Classe19
699,30/05/2024,16,2,1,0,0,1,0,1,0,0,9,7,0,0,Institut Girona,Girona,FIP1,Classe19
702,03/06/2024,8,1,0,0,1,1,2,0,0,0,4,3,0,1,Institut Girona,Girona,FIP1,Classe19
703,04/06/2024,7,2,0,0,1,1,1,0,0,0,6,1,0,0,Institut Girona,Girona,FIP1,Classe19
704,05/06/2024,0,0,0,0,0,0,0,0,0,0,0,0,0,0,Institut Girona,Girona,FIP1,Classe19
705,06/06/2024,15,2,0,0,0,1,1,0,0,0,9,5,0,1,Institut Girona,Girona,FIP1,Classe19
706,07/06/2024,17,2,0,0,0,1,1,0,0,0,11,6,0,0,Institut Girona,Girona,FIP1,Classe19
709,10/06/2024,15,1,0,1,1,1,2,0,0,0,11,5,0,0,Institut Figueres,Figueres,FIP1,Classe20
710,11/06/2024,13,0,0,0,0,1,1,1,0,0,9,3,0,0,Institut Figueres,Figueres,FIP1,Classe20
711,12/06/2024,19,2,1,0,0,1,0,1,0,0,12,9,0,0,Institut Figueres,Figueres,FIP1,Classe20
712,13/06/2024,8,1,1,1,0,1,1,1,0,0,4,4,0,0,Institut Figueres,Figueres,FIP1,Classe20
713,14/06/2024,15,2,0,0,1,2,1,0,0,0,11,4,0,0,Institut Figueres,Figueres,FIP1,Classe20
716,17/06/2024,1,0,0,0,0,0,0,0,0,0,1,0,0,0,Institut Figueres,Figueres,FIP1,Classe20
717,18/06/2024,17,2,0,0,0,1,1,0,0,0,12,7,0,1,Institut Figueres,Figueres,FIP1,Classe20
718,19/06/2024,20,2,0,0,0,1,1,0,0,0,14,8,0,0,Institut Figueres,Figueres,FIP1,Classe20
719,20/06/2024,12,1,0,0,0,1,0,0,0,0,11,2,0,0,Institut Figueres,Figueres,FIP1,Classe20
720,21/06/2024,14,1,0,0,0,4,2,1,0,1,11,4,0,1,Institut Figueres,Figueres,FIP1,Classe20
723,24/06/2024,20,2,1,0,0,1,0,1,0,0,13,10,0,0,Institut Olot,Olot,FIP1,Classe21
724,25/06/2024,9,1,1,1,0,1,1,1,0,0,5,5,0,0,Institut Olot,Olot,FIP1,Classe21
725,26/06/2024,16,2,0,0,1,2,2,0,0,0,12,4,0,0,Institut Olot,Olot,FIP1,Classe21
726,27/06/2024,12,1,0,0,1,1,2,0,0,0,8,4,0,1,Institut Olot,Olot,FIP1,Classe21
727,28/06/2024,11,2,0,0,1,1,1,0,0,0,9,2,0,0,Institut Olot,Olot,FIP1,Classe21
730,01/07/2024,21,2,0,0,0,1,1,0,0,0,15,9,0,0,Institut Olot,Olot,FIP1,Classe21
731,02/07/2024,13,1,0,0,0,1,0,0,0,0,12,3,0,0,Institut Olot,Olot,FIP1,Classe21
732,03/07/2024,15,1,0,0,0,4,2,1,0,1,12,5,0,1,Institut Olot,Olot,FIP1,Classe21
733,04/07/2024,11,2,0,0,1,1,1,0,0,0,8,2,0,0,Institut Salt,Salt,FIP1,Classe22
734,05/07/2024,9,0,0,0,0,0,0,1,0,0,7,1,0,0,Institut Salt,Salt,FIP1,Classe22
737,08/07/2024,10,1,0,0,1,1,2,0,0,0,8,2,0,0,Institut Salt,Salt,FIP1,Classe22
738,09/07/2024,7,1,0,0,1,1,1,0,0,0,3,2,0,1,Institut Salt,Salt,FIP1,Classe22
739,10/07/2024,6,1,0,0,1,1,0,0,0,0,5,1,0,0,Institut Salt,Salt,FIP1,Classe22
740,11/07/2024,0,0,0,0,0,0,0,0,0,0,0,0,0,0,Institut Salt,Salt,FIP1,Classe22
741,12/07/2024,13,1,0,0,0,1,0,0,0,0,8,3,0,1,Institut Salt,Salt,FIP1,Classe22
744,15/07/2024,10,1,0,0,0,3,1,1,0,1,7,2,0,1,Institut Salt,Salt,FIP1,Classe22
745,16/07/2024,12,2,0,1,0,2,0,0,1,0,9,3,0,0,Institut Girona,Girona,FIP1,Classe23
746,17/07/2024,16,1,1,0,1,1,1,0,0,1,11,4,0,1,Institut Girona,Girona,FIP1,Classe23
747,18/07/2024,10,0,0,0,0,1,0,0,0,0,7,2,1,0,Institut Girona,Girona,FIP1,Classe23
748,19/07/2024,14,1,0,0,1,2,1,0,1,0,10,3,0,0,Institut Girona,Girona,FIP1,Classe23
751,22/07/2024,13,2,0,0,0,0,2,0,0,0,9,3,0,0,Institut Girona,Girona,FIP1,Classe23
752,23/07/2024,17,1,1,0,0,2,0,0,0,1,12,5,0,1,Institut Girona,Girona,FIP1,Classe23
753,24/07/2024,9,0,0,0,1,1,1,0,0,0,5,1,0,0,Institut Girona,Girona,FIP1,Classe23
754,25/07/2024,15,1,0,1,0,1,0,0,0,0,11,4,0,1,Institut Girona,Girona,FIP1,Classe23
755,26/07/2024,7,0,1,0,0,0,0,0,0,0,5,1,0,0,Institut Girona,Girona,FIP1,Classe23
758,29/07/2024,18,1,1,0,1,1,1,0,0,1,13,4,0,1,Institut Figueres,Figueres,FIP1,Classe24
759,30/07/2024,11,0,0,0,0,1,0,0,0,0,8,2,1,0,Institut Figueres,Figueres,FIP1,Classe24
760,31/07/2024,15,1,0,0,1,2,1,0,1,0,11,3,0,0,Institut Figueres,Figueres,FIP1,Classe24
761,01/08/2024,9,0,1,0,0,0,0,1,0,0,7,1,0,0,Institut Figueres,Figueres,FIP1,Classe24
762,02/08/2024,12,1,0,1,0,1,1,0,0,0,9,2,0,1,Institut Figueres,Figueres,FIP1,Classe24
765,05/08/2024,10,0,0,0,1,1,1,0,0,0,6,1,0,0,Institut Figueres,Figueres,FIP1,Classe24
766,06/08/2024,16,1,0,1,0,1,0,0,0,0,12,4,0,1,Institut Figueres,Figueres,FIP1,Classe24
767,07/08/2024,8,0,1,0,0,0,0,0,0,0,6,1,0,0,Institut Figueres,Figueres,FIP1,Classe24
768,08/08/2024,11,1,0,0,1,1,0,0,0,0,7,2,0,1,Institut Figueres,Figueres,FIP1,Classe24
769,09/08/2024,13,2,0,1,0,2,0,0,1,0,10,3,0,0,Institut Banyoles,Banyoles,FIP1,Classe25
772,12/08/2024,16,1,0,0,1,2,1,0,1,0,12,3,0,0,Institut Banyoles,Banyoles,FIP1,Classe25
773,13/08/2024,10,0,1,0,0,0,0,1,0,0,8,1,0,0,Institut Banyoles,Banyoles,FIP1,Classe25
774,14/08/2024,13,1,0,1,0,1,1,0,0,0,10,2,0,1,Institut Banyoles,Banyoles,FIP1,Classe25
775,15/08/2024,15,2,0,0,0,0,2,0,0,0,11,3,0,0,Institut Banyoles,Banyoles,FIP1,Classe25
776,16/08/2024,20,1,1,0,0,2,0,0,0,1,15,5,0,1,Institut Banyoles,Banyoles,FIP1,Classe25
779,19/08/2024,9,0,1,0,0,0,0,0,0,0,7,1,0,0,Institut Banyoles,Banyoles,FIP1,Classe25
780,20/08/2024,12,1,0,0,1,1,0,0,0,0,8,2,0,1,Institut Ripoll,Ripoll,FIP1,Classe26
781,21/08/2024,14,2,0,1,0,2,0,0,1,0,11,3,0,0,Institut Ripoll,Ripoll,FIP1,Classe26
782,22/08/2024,19,1,1,0,1,1,1,0,0,1,14,4,0,1,Institut Ripoll,Ripoll,FIP1,Classe26
783,23/08/2024,13,0,0,0,0,1,0,0,0,0,10,2,1,0,Institut Ripoll,Ripoll,FIP1,Classe26
786,26/08/2024,14,1,0,1,0,1,1,0,0,0,11,2,0,1,Institut Ripoll,Ripoll,FIP1,Classe26
787,27/08/2024,16,2,0,0,0,0,2,0,0,0,12,3,0,0,Institut Ripoll,Ripoll,FIP1,Classe26
788,28/08/2024,21,1,1,0,0,2,0,0,0,1,16,5,0,1,Institut Ripoll,Ripoll,FIP1,Classe26
789,29/08/2024,12,0,0,0,1,1,1,0,0,0,8,1,0,0,Institut Ripoll,Ripoll,FIP1,Classe26
790,30/08/2024,18,1,0,1,0,1,0,0,0,0,14,4,0,1,Institut Ripoll,Ripoll,FIP1,Classe26
793,02/09/2024,15,0,1,0,0,1,0,1,0,0,11,3,0,0,Institut Sant Feliu,Sant Feliu,FIP1,Classe27
794,03/09/2024,17,1,0,1,1,0,1,0,0,0,13,4,0,1,Institut Sant Feliu,Sant Feliu,FIP1,Classe27
795,04/09/2024,12,0,0,0,0,1,0,0,1,0,9,2,1,0,Institut Sant Feliu,Sant Feliu,FIP1,Classe27
796,05/09/2024,14,1,1,0,1,0,0,0,0,1,10,3,0,1,Institut Sant Feliu,Sant Feliu,FIP1,Classe27
797,06/09/2024,18,2,0,1,0,2,1,0,1,0,14,4,0,0,Institut Sant Feliu,Sant Feliu,FIP1,Classe27
800,09/09/2024,13,0,0,1,0,0,0,1,0,0,10,2,0,0,Institut Vic,Vic,FIP1,Classe28
801,10/09/2024,19,1,1,0,1,2,0,0,1,0,15,5,0,1,Institut Vic,Vic,FIP1,Classe28
802,11/09/2024,10,0,0,0,0,0,1,0,0,0,7,1,0,0,Institut Vic,Vic,FIP1,Classe28
803,12/09/2024,15,2,1,1,0,1,0,0,0,1,11,3,0,1,Institut Vic,Vic,FIP1,Classe28
804,13/09/2024,17,1,0,0,1,0,1,0,1,0,13,4,0,0,Institut Vic,Vic,FIP1,Classe28
807,16/09/2024,18,2,1,0,0,2,1,0,1,1,14,4,0,1,Institut Olot,Olot,FIP1,Classe29
808,17/09/2024,9,0,0,1,0,0,0,0,0,0,6,1,1,0,Institut Olot,Olot,FIP1,Classe29
809,18/09/2024,16,1,1,0,1,1,1,0,0,0,12,3,0,1,Institut Olot,Olot,FIP1,Classe29
810,19/09/2024,13,0,0,0,0,1,0,1,1,0,10,2,0,0,Institut Olot,Olot,FIP1,Classe29
811,20/09/2024,20,1,0,1,0,0,0,0,0,1,15,5,0,1,Institut Olot,Olot,FIP1,Classe29
814,23/09/2024,14,1,1,1,0,1,0,1,0,0,11,3,0,0,Institut La Bisbal,La Bisbal,FIP1,Classe30
815,24/09/2024,19,0,0,0,1,0,0,0,0,1,14,5,1,0,Institut La Bisbal,La Bisbal,FIP1,Classe30
816,25/09/2024,10,1,1,0,0,1,1,0,1,0,7,1,0,1,Institut La Bisbal,La Bisbal,FIP1,Classe30
817,26/09/2024,15,0,0,1,1,0,0,1,0,0,11,3,0,0,Institut La Bisbal,La Bisbal,FIP1,Classe30
818,27/09/2024,18,2,1,0,0,2,0,0,0,1,13,4,1,1,Institut La Bisbal,La Bisbal,FIP1,Classe30
821,30/09/2024,13,1,0,0,0,1,0,1,0,1,10,2,1,0,Institut Palafrugell,Palafrugell,FIP1,Classe31
822,01/10/2024,19,2,1,1,1,0,0,0,1,0,15,5,0,1,Institut Palafrugell,Palafrugell,FIP1,Classe31
823,02/10/2024,11,0,0,0,0,1,1,0,0,0,8,1,0,0,Institut Palafrugell,Palafrugell,FIP1,Classe31
824,03/10/2024,17,1,1,0,1,2,0,1,0,0,13,4,1,1,Institut Palafrugell,Palafrugell,FIP1,Classe31
825,04/10/2024,14,0,0,1,0,0,0,0,1,0,10,2,0,0,Institut Palafrugell,Palafrugell,FIP1,Classe31
828,07/10/2024,16,2,1,0,0,2,0,0,1,0,12,3,0,1,Institut Figueres,Figueres,FIP1,Classe32
829,08/10/2024,12,1,0,0,1,0,1,0,0,0,9,2,0,0,Institut Figueres,Figueres,FIP1,Classe32
830,09/10/2024,20,0,1,1,0,1,0,1,0,1,15,5,1,1,Institut Figueres,Figueres,FIP1,Classe32
831,10/10/2024,13,1,0,0,0,0,0,0,1,0,10,2,0,0,Institut Figueres,Figueres,FIP1,Classe32
832,11/10/2024,17,2,1,1,1,1,0,1,0,0,13,4,0,1,Institut Blanes,Blanes,FIP1,Classe33
835,14/10/2024,19,0,0,1,0,1,0,1,0,0,14,5,0,0,Institut Blanes,Blanes,FIP1,Classe33
836,15/10/2024,10,1,1,0,1,0,1,0,0,1,7,1,1,1,Institut Blanes,Blanes,FIP1,Classe33
837,16/10/2024,16,0,0,0,0,1,0,0,1,0,12,3,0,0,Institut Blanes,Blanes,FIP1,Classe33
838,17/10/2024,13,2,1,1,0,2,0,1,0,0,10,2,0,1,Institut Palamós,Palamós,FIP1,Classe34
839,18/10/2024,18,1,0,0,1,0,1,0,1,0,14,4,1,0,Institut Palamós,Palamós,FIP1,Classe34
842,21/10/2024,11,0,1,0,1,2,0,1,0,1,8,1,1,1,Institut Palamós,Palamós,FIP1,Classe34
843,22/10/2024,14,1,0,1,0,1,0,0,1,0,11,3,0,1,Institut Girona,Girona,FIP1,Classe35
844,23/10/2024,19,2,1,0,1,0,1,0,0,0,15,4,1,0,Institut Girona,Girona,FIP1,Classe35
845,24/10/2024,10,0,0,1,0,2,0,1,0,1,7,1,0,1,Institut Girona,Girona,FIP1,Classe35
846,25/10/2024,16,1,1,0,0,1,1,0,1,0,12,2,1,0,Institut Girona,Girona,FIP1,Classe35
849,28/10/2024,11,1,1,1,0,0,0,0,1,0,8,1,0,0,Institut Salt,Salt,FIP1,Classe36
850,29/10/2024,18,0,0,0,1,1,1,0,0,1,14,4,1,0,Institut Salt,Salt,FIP1,Classe36
851,30/10/2024,15,1,1,0,0,0,0,1,0,0,11,2,0,1,Institut Salt,Salt,FIP1,Classe36
852,31/10/2024,12,2,0,1,1,1,0,0,1,0,9,3,1,0,Institut Salt,Salt,FIP1,Classe36
853,01/11/2024,16,0,1,0,0,2,1,1,0,1,12,4,0,1,Institut Olot,Olot,FIP1,Classe37
856,04/11/2024,14,0,0,0,0,2,0,1,1,0,11,2,1,0,Institut Olot,Olot,FIP1,Classe37
857,05/11/2024,17,1,1,1,0,0,1,0,0,1,13,3,0,1,Institut Olot,Olot,FIP1,Classe37
858,06/11/2024,13,2,0,0,1,1,0,1,0,0,10,4,1,1,Institut Roses,Roses,FIP1,Classe38
859,07/11/2024,18,0,1,1,0,0,1,0,1,0,14,2,0,0,Institut Roses,Roses,FIP1,Classe38
860,08/11/2024,11,1,0,0,1,2,0,0,0,1,8,1,1,0,Institut Roses,Roses,FIP1,Classe38
863,11/11/2024,15,2,1,0,0,1,0,1,0,1,11,5,0,1,Institut Banyoles,Banyoles,FIP1,Classe39
864,12/11/2024,19,0,0,1,1,0,1,0,0,0,15,4,1,0,Institut Banyoles,Banyoles,FIP1,Classe39
865,13/11/2024,10,1,1,0,0,2,0,1,1,0,7,1,0,1,Institut Banyoles,Banyoles,FIP1,Classe39
866,14/11/2024,17,0,0,1,0,1,1,0,0,1,13,2,1,0,Institut Banyoles,Banyoles,FIP1,Classe39
867,15/11/2024,14,1,1,0,1,0,0,1,0,0,11,3,0,1,Institut Banyoles,Banyoles,FIP1,Classe39
870,18/11/2024,16,1,0,0,0,1,1,0,0,0,12,3,1,0,Institut La Bisbal,La Bisbal,FIP1,Classe40
871,19/11/2024,13,2,1,1,1,0,0,1,0,1,10,1,0,1,Institut La Bisbal,La Bisbal,FIP1,Classe40
872,20/11/2024,17,0,0,0,0,2,0,0,1,0,13,5,1,0,Institut La Bisbal,La Bisbal,FIP1,Classe40
873,21/11/2024,12,1,1,1,0,1,1,1,0,0,9,2,0,1,Institut Palafrugell,Palafrugell,FIP1,Classe41
874,22/11/2024,19,0,0,0,1,0,0,0,1,1,15,4,1,0,Institut Palafrugell,Palafrugell,FIP1,Classe41
877,25/11/2024,14,0,1,0,0,2,0,0,1,0,10,2,0,1,Institut Palafrugell,Palafrugell,FIP1,Classe41
878,26/11/2024,16,2,0,1,1,1,1,0,0,1,12,4,1,0,Institut Sant Feliu,Sant Feliu,FIP1,Classe42
879,27/11/2024,11,1,1,0,0,0,0,1,0,0,8,1,0,1,Institut Sant Feliu,Sant Feliu,FIP1,Classe42
880,28/11/2024,17,0,0,1,0,2,1,0,1,0,13,3,1,0,Institut Sant Feliu,Sant Feliu,FIP1,Classe42
881,29/11/2024,13,1,1,0,1,0,0,1,0,1,10,2,0,1,Institut Sant Feliu,Sant Feliu,FIP1,Classe42
884,02/12/2024,18,1,0,0,1,0,1,0,1,0,14,4,1,0,Institut Castelló,Castelló,FIP1,Classe43
885,03/12/2024,11,0,1,0,0,1,0,1,0,0,8,1,0,1,Institut Castelló,Castelló,FIP1,Classe43
886,04/12/2024,16,2,0,1,1,0,1,0,0,1,12,3,1,0,Institut Castelló,Castelló,FIP1,Classe43
887,05/12/2024,12,1,1,0,0,2,0,1,0,0,9,2,0,1,Institut Castelló,Castelló,FIP1,Classe43
888,06/12/2024,17,0,0,1,0,1,1,0,1,0,13,4,1,0,Institut Torroella,Torroella,FIP1,Classe44
891,09/12/2024,10,0,1,0,0,2,1,1,0,0,7,2,0,1,Institut Torroella,Torroella,FIP1,Classe44
892,10/12/2024,15,1,0,0,1,0,0,0,1,1,11,5,1,0,Institut Torroella,Torroella,FIP1,Classe44
893,11/12/2024,16,1,1,1,0,0,1,0,1,0,12,3,0,1,Institut Girona,Girona,FIP1,Classe45
894,12/12/2024,12,0,0,0,1,2,0,1,0,1,9,1,1,0,Institut Girona,Girona,FIP1,Classe45
895,13/12/2024,18,2,1,0,0,1,1,0,0,0,14,4,0,1,Institut Girona,Girona,FIP1,Classe45
898,16/12/2024,11,1,1,1,0,2,1,1,0,0,8,1,1,0,Institut Figueres,Figueres,FIP1,Classe46
899,17/12/2024,17,0,0,0,1,0,0,0,1,0,13,3,0,1,Institut Figueres,Figueres,FIP1,Classe46
900,18/12/2024,13,2,1,0,0,1,1,0,0,1,10,2,1,0,Institut Figueres,Figueres,FIP1,Classe46
901,19/12/2024,19,1,0,1,1,0,0,1,0,0,15,4,0,1,Institut Figueres,Figueres,FIP1,Classe46
902,20/12/2024,15,0,1,0,0,2,1,0,1,0,11,1,1,0,Institut Figueres,Figueres,FIP1,Classe46
905,23/12/2024,14,2,1,0,0,2,0,1,0,0,11,1,0,1,Institut Blanes,Blanes,FIP1,Classe47
906,24/12/2024,19,1,0,1,0,1,1,0,1,0,15,5,1,0,Institut Blanes,Blanes,FIP1,Classe47
907,25/12/2024,11,0,1,0,1,0,0,0,0,1,8,2,0,1,Institut Blanes,Blanes,FIP1,Classe47
908,26/12/2024,16,1,1,1,0,2,1,1,0,0,12,4,1,0,Institut Olot,Olot,FIP1,Classe48
909,27/12/2024,13,0,0,0,1,1,0,0,1,0,10,1,0,1,Institut Olot,Olot,FIP1,Classe48
912,30/12/2024,17,0,1,0,0,1,1,0,1,0,13,5,1,0,Institut Olot,Olot,FIP1,Classe48
913,31/12/2024,14,1,1,1,0,0,0,1,0,1,11,1,0,1,Institut Salt,Salt,FIP1,Classe49
